EmployeeNumber,TotalWorkingYears,PercentSalaryHike,NumCompaniesWorked,YearsAtCompany,MonthlyRate,HireDate,WorkLifeBalance,StandardHours,EmployeeCount,EducationField,BusinessTravel,OverTime,DistanceFromHome,HourlyRate,YearsInCurrentRole,PerformanceRating,DailyRate,Attrition,Gender,Over18,JobInvolvement,TrainingTimesLastYear,YearsSinceLastPromotion,ManagerComments,JobLevel,StockOptionLevel,Age,JobSatisfaction,Department,MonthlyIncome,EnvironmentSatisfaction,MaritalStatus,RelationshipSatisfaction,YearsWithCurrManager,Education,JobRole
1,16,20,5,16,7194,26/07/17,3,80,1,,Non-Travel,no,1,83,2,3,731,no,M,Y,3,2,0,Remote worker,2,3,41,2,Research & Development,6888,2,single,4,0,3,Research Scientist
2,,15,2,0,7805,30/04/10,2,80,1,Medical,Rarely,NO,2,73,0,3,1401,0,Female,Y,2,3,0,On PIP,2,0,35,,Research & Development,9211,4,married,3,0,4,Research Scientist
3,0,21,3,0,14797,12/06/16,3,80,1,Medical,travel_rarely,N,24,81,0,3,813,N,MALE,Y,3,2,0,Average,2,1,42,3,Research and Development,10370,4,SINGLE,4,0,3,Manufacturing Director
4,9,18,1,9,25106,24/05/13,2,80,1,Life Sciences,Rarely,NO,24,45,1,4,1169,No,Male,Y,3,1,7,Exceeded expectations,1,0,50,4,R&D,nan,2,Married,4,3,3,Research Scientist
5,15,21,2,0,18879,01/09/19,3,80,1,Technical Degree,Travel Rarely,NO,3,45,0,3,1291,YES,F,Y,3,6,0,,4,0,34,2,R&D,15586,4,single,3,0,3,Laboratory Technician
6,14,18,0,3,4995,05/08/04,4,80,1,Life Sciences,Travel Rarely,No,1 km,84,3,3,721,N,male,Y,1,0,0,,2,1,34,4,R&D,7878,3,M,3,3,2,Healthcare Representative
7,15,15,1,5,18477,26/08/07,2,80,1,Human Resources,Rarely,No,1,90,2,3,145,N,f,Y,4,2,1,Recently promoted,1,0,51,2,Sales,$2386.0,,DIVORCED,4,3,2,Sales Representative
8,4,18,1,3,14912,11/05/14,3,80,1,Medical,Non Travel,Yes,3,69,3,3,823,FALSE,MALE,Y,2,0,3,Excellent team player,2,2,43,3,Research&Development,7317,3,Married,3,0,5,Laboratory Technician
9,21,24,1,15,22708,01-26-2015,3,80,1,Life Sciences,Travel Frequently,no,23,50,1,3,639,NO,F,Y,3,4,1,Remote worker,3,0,32,,Research & Development,10611,3,M,4,2,4,Laboratory Technician
10,0,16,0,0,8393,21/07/15,3,80,1,Technical Degree,Travel Rarely,NO,1,95,0,3,186,0,Male,Y,4,3,0,Remote worker,1,0,41,2,Research&Development,$4254.0,2,S,3,0,3,Laboratory Technician
11,3,15,4,3,23894,06/01/17,2,80,1,Life Sciences,Rarely,N,11,37,2,3,902,FALSE,MALE,Y,4,0,0,,1,1,32,4,Sale,5082,4,S,4,3,3,Sales Executive
12,4,23,2,0,2720,22/09/10,4,80,1,Medical,Travel Rarely,NO,1,39,0,3,364,No,Male,Y,4,3,0,On PIP,3,0,32.0 years,1,Research & Development,11662,4,married,4,0,1,Laboratory Technician
13,1,24,1,1,23459,27/01/04,2,80,1,Medical,Frequently,NO,29,86,0,3,1145,No,male,Y,2,1,1,Meets expectations,1,1,39,3,Research & Development,6279,4,married,3,1,3,Laboratory Technician
14,4,21,2,2,8325,16/02/21,3,80,1,Life Sciences,Rarely,Yes,3,33,0,3,802,0,FEMALE,Y,4,3,2,Flight risk,3,2,19,4,Research & Development,10582,3,M,3,0,3,Healthcare Representative
15,8,14,2,6,14554,27/03/11,2,80,1,Medical,Travel Rarely,no,11,72,5,3,331,FALSE,f,Y,1,3,1,High potential,1,1,21,3,sales,nan,,Single,3,0,3,Sales Representative
16,7,15,0,5,7099,22/10/06,3,80,1,Medical,non-travel,N,3,92,3,3,285,NO,MALE,Y,3,1,0,Top performer,3,0,31,2,R&D,10275,4,single,1,2,3,Laboratory Technician
17,3,22,2,3,14568,03/12/18,3,80,1,Medical,Rarely,N,7,72,0,3,425,N,m,Y,2,3,0,Good performer,1,1,27,4,Saless,5065,4,Single,4,2,1,Sales Executive
18,13,14,3,3,6026,01-24-2007,4,80,1,Life Sciences,Rarely,No,1,96,0,3,1306,0,Female,Y,3,3,3,High potential,1,3,39,3,Research&Development,6834,4,divorced,1,1,2,Research Scientist
19,12,11,1,1,14247,06-28-2012,4,80,1,Human Resources,travel_frequently,N,1,80,1,3,496,TRUE,FEMALE,Y,4,5,0,Recently promoted,4,0,28,2,Research & Development,$13148.0,3,single,3,0,5,Manufacturing Director
20,3,13,1,3,7057,05/09/09,3,80,1,Life Sciences,Travel Frequently,NO,22,85,0,3,1325,NO,M,Y,4,6,3,Remote worker,2,1,24,2,Research&Development,8768,2,married,3,3,3,Laboratory Technician
21,3,18,3,3,25194,19/04/08,4,80,1,Life Sciences,Travel_Rarely,YES,19,72,2,3,1188,NO,M,Y,2,3,2,Average,2,0,50,3,R&D,8435,2,Single,2,0,3,Research Scientist
22,3,17,2,3,19490,04/12/15,3,80,1,Life Sciences,travel_rarely,No,17,53,2,3,1055,NO,male,Y,2,4,1,Meets expectations,1,2,34,4,Research&Development,$5065.0,3,married,4,1,1,Research Scientist
23,1,22,3,0,7305,03/06/07,3,80,1,Life Sciences,Travel_Rarely,no,7,63,0,3,654,NO,F,Y,3,3,0,Recently promoted,2,1,37,3,research & development,9395,4,Married,2,0,1,Research Scientist
24,13,17,2,0,13914,16/03/13,4,80,1,Life Sciences,Travel Frequently,YES,13,88,0,3,832,Yes,male,Y,4,4,0,On PIP,2,2,24,2,R&D,7008,4,divorced,4,0,4,Manufacturing Director
25,0,21,3,0,26118,06/09/05,3,80,1,Other,Rarely,no,1,31,0,3,1140,NO,Female,Y,2,2,0,Needs improvement,5,3,32,3,Sale,$16137.0,4,DIVORCED,2,0,3,Sales Executive
26,,13,5,1,8674,27/01/08,3,80,1,Life Sciences,Rarely,no,3,31,1,3,896,FALSE,m,Y,4,3,0,Remote worker,5,0,37.0 years,2,Research&Development,16982,3,married,2,1,3,Laboratory Technician
27,1,19,3,1,11563,11/04/08,1,80,1,Life Sciences,Travel Rarely,N,3,39,1,3,1306,1,Female,Y,3,4,1,Good performer,2,0,26,2,SALES,7039,2,Divorsed,3,1,2,Sales Executive
28,17,16,2,6,26998,08/08/20,3,80,1,Life Sciences,Travel Rarely,NO,8,52,1,3,490,N,m,Y,3,5,2,High potential,2,0,40.0 years,4,Research & Development,8762,1,D,2,0,4,Laboratory Technician
29,0,18,1,0,17316,09-14-2013,1,80,1,Medical,No Travel,N,3,44,0,4,143,Y,m,Y,3,0,0,Excellent team player,2,0,31,2,R&D,6930,3,Divorsed,3,0,2,Healthcare Representative
30,10,18,4,3,18217,12/08/20,2,80,1,Technical Degree,Travel Frequently,No,1,46,0,4,1000,FALSE,male,Y,4,1,2,On PIP,3,1,34,2,research & development,11339,,Divorsed,1,0,2,Healthcare Representative
31,0,13,0,0,4005,01/06/10,4,80,1,Life Sciences,No Travel,NO,7,43,0,4,581,FALSE,F,Y,4,5,0,,1,2,31,4,Research and Development,4849,4,Single,3,0,3,Laboratory Technician
32,15,14,,12,14741,01-21-2009,2,80,1,Life Sciences,Travel Rarely,No,13,45,0,3,1386,no,M,Y,2,3,3,,1,0,53,2,Research and Development,5322,3,MARRIED,3,4,2,Research Scientist
33,,24,2,3,16602,23/08/23,3,80,1,Life Sciences,Travel Frequently,N,3,61,3,3,1297,TRUE,male,Y,3,6,0,Transferred from other dept,1,1,36,3,R&D,4310,4,Single,3,3,2,Laboratory Technician
34,,16,0,2,23645,06/11/21,4,80,1,Life Sciences,Rarely,N,1,52,1,3,665,TRUE,male,Y,4,4,0,Remote worker,1,2,27,,sales,4491,2,single,4,2,3,Sales Representative
35,16,12,4,2,14603,20/04/15,3,80,1,Life Sciences,Travel_Rarely,N,1,63,0,3,319,0,Male,Y,2,4,0,New hire,1,0,44,2,SALES,5144,3,D,4,0,3,Sales Representative
36,12,22,1,2,15987,10/10/10,3,80,1,,Travel_Rarely,NO,2,45,0,3,871,no,female,Y,3,2,0,On PIP,2,0,26,4,Research & Development,8303,2,M,3,0,4,Manufacturing Director
37,15,22,2,5,19147,12/02/22,3,80,1,,Frequently,N,2,63,2,3,1318,0,F,Y,2,2,1,Transferred from other dept,3,1,38,4,,10993,2,M,2,2,3,Sales Executive
38,14,21,2,2,15543,09/08/19,2,80,1,Medical,travel_rarely,Yes,8,62,2,3,508,NO,female,Y,3,3,0,Key talent,2,0,19,3,Sales,10558,4,divorced,3,1,1,Sales Representative
39,2,22,3,1,11144,03-14-2020,4,80,1,Life Sciences,Travel_Rarely,no,7,97,1,3,570,TRUE,male,Y,2,4,0,Exceeded expectations,1,3,25,1,research & development,3513,4,divorced,4,0,2,Research Scientist
40,6,17,0,6,13114,01/04/18,2,80,1,Human Resources,travel_rarely,NO,9 km,72,3,3,1470,FALSE,f,Y,3,3,0,Recently promoted,1,0,38,4,Sales,4903,1,D,4,4,5,Sales Representative
41,32,12,3,1,7691,09/09/12,4,80,1,Technical Degree,Rarely,No,3,93,1,3,1184,yes,male,Y,3,3,1,,2,2,43,3,Research and Development,5639,2,single,1,0,3,Research Scientist
42,4,21,2,1,9059,02-24-2009,2,80,1,Medical,travel_frequently,NO,13 km,47,0,3,265,NO,Male,Y,2,4,1,,1,1,38,3,Research and Development,5558,2,single,3,1,4,Manufacturing Director
43,35,15,0,5,6479,10/10/10,2,80,1,Life Sciences,Rarely,N,1,97,5,4,771,0,male,Y,3,3,1,Recently promoted,2,0,35,4,Research&Development,6327,1,MARRIED,4,0,1,Research Scientist
44,8,22,1,8,6198,09/09/14,1,80,1,Life Sciences,Travel Rarely,NO,5,90,6,3,1274,No,MALE,Y,2,5,2,Needs improvement,5,0,34,3,Research and Development,16582,4,single,3,3,3,Laboratory Technician
45,6,14,5,1,11091,08/08/07,2,80,1,Medical,Travel Frequently,Y,12 km,49,1,3,210,TRUE,FEMALE,Y,4,2,1,Excellent team player,1,0,23,3,Research & Development,4441,,SINGLE,3,0,1,Manufacturing Director
46,10,19,1,1,22407,20/06/21,3,80,1,Medical,Travel_Rarely,Yes,1,40,0,3,648,Yes,f,Y,3,1,0,New hire,1,0,30,,research & development,5421,3,M,2,0,3,Research Scientist
47,16,23,3,5,17068,07/02/06,3,80,1,Medical,Travel_Rarely,Yes,1,75,3,3,1126,No,f,Y,3,3,5,Top performer,2,0,nan,3,Saless,7170,2,Divorsed,3,1,4,Sales Representative
48,5,23,1,4,6205,28/08/05,4,80,1,Technical Degree,travel_rarely,no,17,93,4,3,1136,No,MALE,Y,3,2,0,Remote worker,5,1,46,4,Sales,16107,2,Married,2,4,5,Sales Representative
49,0,12,3,0,5641,16/02/07,1,80,1,Human Resources,travel_rarely,Y,3,57,0,3,1285,Y,m,Y,1,6,0,Top performer,3,1,40,2,Sale,13153,2,single,2,0,3,Sales Representative
50,12,17,2,0,5543,20/02/07,3,80,1,Life Sciences,Travel_Rarely,no,9 km,77,0,4,443,No,m,Y,4,0,0,Remote worker,4,1,21,4,Sales,14426,4,M,4,0,3,Sales Executive
51,31,23,2,0,17424,04/01/17,2,80,1,Medical,Travel Rarely,No,1,64,0,3,431,1,M,Y,4,5,0,Exceeded expectations,1,0,39,,Saless,4158,,S,2,0,5,Sales Executive
52,9,17,1,7,7591,02-22-2020,3,80,1,Life Sciences,Rarely,N,9,37,0,3,363,No,M,Y,3,5,3,Meets expectations,5,1,33,2,,16623,2,single,4,0,3,Laboratory Technician
53,2,17,2,2,13833,20/11/23,3,80,1,Life Sciences,Travel Frequently,no,3,51,1,3,182,FALSE,male,Y,3,1,0,On PIP,1,0,30,1,Research and Development,$7468.0,2,Married,2,1,1,Laboratory Technician
54,2,11,2,2,25627,26/07/06,3,80,1,Medical,Non-Travel,NO,1,53,0,3,876,N,MALE,Y,4,4,2,High potential,1,3,42,3,Research&Development,4647,2,Married,3,2,3,Manufacturing Director
55,24,18,2,4,8116,23/02/12,2,80,1,Life Sciences,None,YES,7,95,0,3,1023,NO,Male,Y,3,3,2,,4,3,46,4,SALES,12966,1,married,2,2,2,Sales Executive
56,0,12,1,0,24717,06-14-2017,4,80,1,Technical Degree,travel_rarely,No,2,93,0,3,433,no,FEMALE,Y,3,4,0,Excellent team player,4,2,45,3,Research&Development,12972,2,S,3,0,3,Research Scientist
57,7,15,1,7,2761,04/02/20,3,80,1,Life Sciences,Travel_Rarely,No,3,94,2,3,1342,FALSE,FEMALE,Y,4,1,0,On PIP,1,1,29,4,sales,$4176.0,4,divorced,4,5,3,Sales Executive
58,1,12,0,0,4407,09-28-2019,3,80,1,Medical,Travel Rarely,no,1,43,0,4,757,YES,F,Y,3,5,0,Good performer,1,0,34,3,Research & Development,4108,4,Married,1,0,3,Research Scientist
59,3,23,2,3,2885,24/06/19,2,80,1,Medical,travel_rarely,no,1,54,1,3,553,NO,F,Y,2,3,0,New hire,1,0,39,4,Research & Development,3080,2,married,4,3,3,Research Scientist
60,3,15,1,0,24606,08-24-2012,3,80,1,Medical,travel_rarely,yes,2,32,0,4,772,no,m,Y,1,4,0,Top performer,1,2,45,1,sales,$3313.0,2,M,3,0,2,Sales Representative
61,2,17,2,2,4643,24/10/13,4,80,1,Life Sciences,Travel_Rarely,N,1,34,2,3,840,No,Female,Y,3,3,0,Transferred from other dept,1,0,32,3,Research and Development,3756,2,Divorsed,4,2,3,Manufacturing Director
62,15,16,3,0,13125,25/02/19,2,80,1,Technical Degree,Travel Rarely,YES,19,94,0,3,1212,No,F,Y,3,3,0,,5,1,35,1,Research & Development,nan,1,Married,1,0,4,Research Scientist
63,4,23,4,1,23494,08/06/22,4,80,1,,Travel_Frequently,N,1,83,1,3,432,0,m,Y,2,2,0,Top performer,3,2,27,4,R&D,10428,3,Married,4,0,3,Research Director
64,4,22,1,4,3468,10/09/05,3,80,1,Medical,Rarely,N,5,48,0,3,409,No,Male,Y,1,2,0,High potential,3,1,nan,3,Research & Development,10689,3,Divorced,2,3,3,Laboratory Technician
65,6,15,2,4,24676,02/07/18,3,80,1,Life Sciences,Frequently,no,1,83,1,3,826,No,F,Y,4,3,0,,3,0,44,2,Sale,$12905.0,3,M,4,4,5,Manager
66,23,14,2,11,26585,15/05/04,4,80,1,Medical,travel_rarely,NO,2,39,1,3,453,0,MALE,Y,2,4,5,Average,2,0,49,3,Research and Development,9942,4,married,4,5,4,Manufacturing Director
67,11,18,2,2,24045,11/10/09,4,80,1,Marketing,Travel Frequently,no,20,45,0,3,923,FALSE,MALE,Y,3,1,0,Recently promoted,3,0,36,3,research & development,10576,3,Married,3,1,2,Manufacturing Director
68,0,21,0,0,24447,06-21-2021,2,80,1,Medical,Rarely,YES,1,75,0,3,1223,no,Male,Y,1,6,0,Key talent,2,1,46,4,Research and Development,7053,2,M,4,0,1,Research Scientist
69,0,24,0,0,15366,12/03/20,4,80,1,Marketing,Rarely,NO,27,58,0,3,244,0,Male,Y,3,4,0,Exceeded expectations,1,1,40,3,sales,3703,3,S,2,0,4,Sales Executive
70,8,18,1,3,9015,30/12/21,3,80,1,Medical,Rarely,yes,1,44,1,3,1133,FALSE,M,Y,3,2,3,Meets expectations,2,3,31,3,Research and Development,9039,2,MARRIED,4,3,4,Research Scientist
71,21,11,2,4,8323,17/09/17,3,80,1,Life Sciences,Rarely,No,10,77,1,3,1167,No,M,Y,4,2,0,,2,1,40,4,Research and Development,7692,3,Divorced,4,0,5,Manufacturing Director
72,3,20,4,0,10935,03/04/23,3,80,1,Life Sciences,Travel_Rarely,N,6 km,40,0,4,1009,FALSE,Male,Y,4,5,0,Needs improvement,3,0,50,4,sales,10420,3,Divorsed,1,0,4,Sales Executive
73,2,12,4,2,4428,15/03/13,4,80,1,Life Sciences,travel_rarely,NO,17,63,1,3,860,No,Male,Y,2,1,1,,5,0,36.0 years,1,Research and Development,15779,4,M,3,2,3,Manufacturing Director
74,13,13,,1,13685,11/11/06,3,80,1,Medical,travel_rarely,yes,6,65,1,3,594,Yes,f,Y,3,2,1,,2,1,51,4,Sales,6845,4,married,4,0,3,Sales Executive
75,9,23,2,3,14738,20/07/22,4,80,1,Marketing,Rarely,Y,6,59,3,3,1292,0,m,Y,3,1,0,,3,3,18,3,Research&Development,11480,4,S,3,3,1,Healthcare Representative
76,8,11,0,3,11308,04/10/23,3,80,1,Life Sciences,travel_rarely,N,1,48,0,3,741,no,m,Y,2,5,0,Remote worker,1,0,44.0 years,4,R&D,3026,3,D,3,1,2,Research Scientist
77,1,21,5,1,17879,03-21-2006,3,80,1,Medical,travel_rarely,no,1,97,1,3,630,Y,MALE,Y,3,3,1,Exceeded expectations,3,2,37.0 years,3,Research&Development,12492,3,DIVORCED,2,1,3,Research Scientist
78,1,13,2,0,17772,30/09/21,3,80,1,Medical,non-travel,Yes,19,99,0,3,1459,FALSE,FEMALE,Y,4,2,0,,2,0,34,2,sales,7199,4,Married,2,0,3,Sales Executive
79,3,20,2,3,12633,28/02/06,3,80,1,Medical,travel_rarely,No,3,62,2,3,612,FALSE,m,Y,4,2,2,Transferred from other dept,1,0,37.0 years,4,sales,nan,1,D,4,0,3,Sales Executive
80,2,22,2,2,25492,25/05/10,3,80,1,Life Sciences,Non Travel,no,3,51,1,3,229,0,m,Y,3,2,2,,2,3,19.0 years,3,research & development,$5994.0,2,married,2,2,4,Research Scientist
81,35,18,4,0,19738,04/11/06,3,80,1,Life Sciences,Travel_Rarely,No,11,65,0,3,1107,no,Female,Y,3,1,0,High potential,2,0,35,3,research & development,7981,2,MARRIED,4,0,2,Manufacturing Director
82,0,14,3,0,24211,08/01/13,3,80,1,Life Sciences,Rarely,Y,3 km,52,0,3,1373,No,FEMALE,Y,3,4,0,On PIP,1,1,40,4,SALES,4507,3,S,2,0,3,Sales Executive
83,,23,,1,20864,12/05/16,4,80,1,Life Sciences,Travel Rarely,no,24,92,1,3,833,FALSE,m,Y,3,3,1,Needs improvement,4,0,50,2,Saless,13924,4,married,3,1,1,Sales Executive
84,7,23,3,0,13193,15/05/16,2,80,1,Life Sciences,Travel_Frequently,NO,10,55,0,3,1046,yes,female,Y,3,3,0,Flight risk,1,2,32,2,sales,$7207.0,2,Married,1,0,3,Sales Representative
85,3,17,2,0,19570,03-23-2016,1,80,1,Life Sciences,travel_rarely,no,7,89,0,3,1261,NO,M,Y,3,2,0,Remote worker,4,2,29,2,Research and Development,14266,4,MARRIED,4,0,4,Research Scientist
86,21,17,1,8,17281,07/08/05,3,80,1,Medical,Frequently,No,17,34,8,3,1398,YES,m,Y,2,3,2,,3,2,nan,4,Sales,9808,3,M,1,1,4,Manager
87,11,21,,0,25293,26/10/15,3,80,1,Life Sciences,Rarely,Y,1,83,0,3,1101,Y,MALE,Y,4,2,0,Average,1,0,45,4,R&D,3933,4,DIVORCED,3,0,5,Research Director
88,40,15,1,3,6087,07/06/15,1,80,1,Other,Rarely,N,2,67,2,3,563,FALSE,m,Y,1,4,2,,2,0,39.0 years,2,Research & Development,8892,3,single,4,1,2,Research Scientist
89,1,22,3,1,8228,12/08/15,3,80,1,,Rarely,NO,5,91,0,4,240,Yes,female,Y,3,4,1,Recently promoted,3,1,32,1,Research and Development,12948,4,Married,4,1,3,Research Scientist
90,0,11,1,0,4831,02/11/05,4,80,1,Life Sciences,travel_frequently,yes,2,54,0,3,1379,TRUE,Male,Y,4,1,0,New hire,2,0,41.0 years,3,Human Resourses,8422,2,Married,4,0,3,Human Resources
91,1,20,0,1,22045,09/02/13,3,80,1,Life Sciences,Rarely,No,10,41,0,3,981,N,MALE,Y,3,1,0,Exceeded expectations,3,1,37,4,Research and Development,12033,4,Married,4,1,3,Manufacturing Director
92,3,14,8,3,20132,11-28-2014,4,80,1,Life Sciences,Travel Rarely,YES,20,51,1,3,555,NO,Female,Y,2,4,2,High potential,2,1,45,3,Research & Development,8914,2,Married,4,3,4,Laboratory Technician
93,5,17,1,1,13055,21/10/20,4,80,1,Marketing,Travel Rarely,no,4,38,1,3,533,N,F,Y,4,1,1,Recently promoted,2,0,30,3,sales,10128,3,S,4,1,3,Sales Representative
94,19,24,0,0,26318,03/01/21,2,80,1,Life Sciences,Rarely,No,3,58,0,4,272,FALSE,Male,Y,4,3,0,Exceeded expectations,5,1,34,2,Research&Development,14075,2,single,3,0,4,Manufacturing Director
95,3,15,4,3,15795,08-26-2017,4,80,1,Human Resources,travel_frequently,No,26,73,3,3,572,TRUE,f,Y,3,3,3,Average,1,2,33.0 years,3,SALES,6000,4,MARRIED,3,0,2,Sales Executive
96,24,12,0,3,9552,01-25-2007,3,80,1,Technical Degree,Travel Rarely,N,4,56,0,3,1119,NO,male,Y,3,2,0,Meets expectations,2,3,23,1,sales,9475,4,M,1,3,4,Sales Representative
97,6,24,3,0,21648,28/08/15,4,80,1,Medical,Travel Rarely,N,5,84,0,3,1016,NO,Female,Y,3,3,0,Top performer,1,0,39,1,research & development,2991,4,SINGLE,4,0,1,Manufacturing Director
98,10,18,1,3,23756,12/07/08,2,80,1,Medical,Travel Rarely,N,3,34,3,4,538,no,female,Y,3,3,1,Key talent,3,0,39,2,Human Resourses,9671,3,Married,2,2,4,Human Resources
99,3,12,2,0,24158,06/04/13,2,80,1,Medical,Travel_Rarely,Yes,19,81,0,4,1115,No,FEMALE,Y,3,3,0,High potential,3,0,37,3,Sale,nan,3,married,4,0,3,Sales Representative
100,1,21,2,1,23747,10/02/09,2,80,1,Life Sciences,Travel_Rarely,no,6,42,1,4,1180,NO,MALE,Y,1,2,0,Exceeded expectations,1,0,34,2,sales,3906,2,M,3,1,3,Sales Representative
101,20,18,2,2,26275,08/10/09,1,80,1,Medical,Travel Rarely,no,11,71,2,3,597,No,m,Y,2,4,0,Average,1,0,24,3,SALES,4277,3,Divorsed,4,1,3,Sales Executive
102,1,23,1,0,25234,11/09/05,3,80,1,Life Sciences,travel_rarely,no,13 km,44,0,3,268,N,m,Y,2,1,0,Recently promoted,1,3,33,3,sales,5363,,SINGLE,2,0,5,Sales Executive
103,14,21,2,1,16605,15/09/09,2,80,1,Life Sciences,travel_rarely,NO,3,47,1,3,1088,N,m,Y,3,2,1,Key talent,2,0,33,4,R&D,9298,4,SINGLE,4,0,1,Laboratory Technician
104,8,12,1,2,13282,11-23-2022,3,80,1,Medical,Travel Rarely,YES,4,79,2,3,660,NO,male,Y,4,2,2,Average,2,0,29,3,Research&Development,9621,4,M,3,1,3,Research Scientist
105,19,21,0,8,3063,02/06/07,3,80,1,Medical,Travel Rarely,N,15,31,0,3,527,No,F,Y,3,4,0,On PIP,5,0,35,2,Saless,15743,4,MARRIED,4,0,4,Manager
106,12,15,1,0,25043,15/12/13,2,80,1,Technical Degree,travel_rarely,Y,3,42,0,3,518,NO,M,Y,3,2,0,Recently promoted,2,0,40,4,Research and Development,6732,3,MARRIED,2,0,3,Research Scientist
107,3,14,3,0,15344,19/01/13,3,80,1,Life Sciences,Travel_Rarely,no,12,97,0,3,1470,YES,M,Y,4,4,0,Flight risk,1,0,53,1,Research&Development,6973,3,D,1,0,2,Manufacturing Director
108,8,11,1,3,22132,03/07/10,2,80,1,Marketing,Travel_Frequently,N,22,76,3,3,554,no,FEMALE,Y,3,3,1,,4,1,38,,Sale,14970,3,divorced,3,0,3,Sales Executive
109,0,24,4,0,22929,09/02/16,2,80,1,Life Sciences,Travel Rarely,no,7,79,0,3,813,N,MALE,Y,4,4,0,High potential,2,0,39.0 years,4,Saless,8124,3,D,3,0,3,Sales Executive
110,6,22,2,0,17898,03-29-2013,3,80,1,Life Sciences,travel_frequently,no,10,41,0,3,301,No,F,Y,4,3,0,Good performer,2,0,36,3,research & development,8710,1,M,2,0,4,Research Director
111,0,18,4,0,4732,11/09/04,1,80,1,Life Sciences,Travel_Rarely,NO,13,42,0,3,278,Y,m,Y,4,3,0,Needs improvement,1,0,19,4,SALES,4955,4,married,4,0,4,Sales Representative
112,5,20,1,1,3872,09/01/21,3,80,1,Life Sciences,Travel Rarely,yes,14,38,1,3,156,yes,Male,Y,2,4,0,Flight risk,2,1,36.0 years,2,sales,8786,2,MARRIED,1,1,3,Sales Executive
113,1,22,0,1,6720,30/04/17,2,80,1,Life Sciences,Rarely,N,4,88,1,3,1045,0,M,Y,2,3,1,Good performer,4,0,37,1,R&D,13495,3,S,3,1,5,Research Scientist
114,31,13,5,1,3969,14/12/07,4,80,1,Medical,Travel Rarely,no,1,74,1,3,600,N,Male,Y,3,4,0,Meets expectations,2,0,59.0 years,3,Saless,8403,4,MARRIED,2,1,3,Sales Executive
115,7,23,3,0,14155,04/03/12,4,80,1,Marketing,Rarely,Y,4,99,0,3,838,yes,F,Y,3,0,0,Good performer,1,3,35,3,research & development,nan,4,SINGLE,1,0,1,Laboratory Technician
116,24,14,2,5,13870,04-26-2006,1,80,1,,No Travel,no,8,72,5,3,211,FALSE,Male,Y,4,3,0,New hire,2,0,nan,2,Research & Development,nan,4,Divorsed,4,2,2,Research Scientist
117,0,14,1,0,18702,08/08/12,3,80,1,Medical,travel_rarely,No,4,52,0,3,1271,N,m,Y,2,4,0,Flight risk,4,1,36,2,Research & Development,$12984.0,1,MARRIED,3,0,3,Laboratory Technician
118,10,15,2,5,5717,10/01/12,2,80,1,Technical Degree,travel_rarely,NO,11,74,5,3,814,Yes,MALE,Y,3,4,0,Exceeded expectations,1,2,26,,Research & Development,$4438.0,2,M,4,3,2,Research Director
119,3,13,2,2,23875,02-28-2017,2,80,1,Medical,travel_rarely,NO,3,52,0,3,976,yes,M,Y,3,4,2,Remote worker,2,0,47,,R&D,6610,2,married,4,2,5,Laboratory Technician
120,5,19,1,5,3374,08/12/11,3,80,1,Medical,non-travel,yes,8,63,4,4,1471,0,F,Y,3,3,2,Top performer,5,2,43,4,sales,nan,4,Single,4,4,4,Sales Representative
121,20,14,2,4,23826,13/06/13,4,80,1,Life Sciences,Rarely,N,1 km,45,0,3,1481,Y,m,Y,2,6,2,,1,3,44,4,Sale,2728,2,single,3,1,2,Sales Representative
122,39,24,1,9,10679,11-29-2013,1,80,1,Technical Degree,Travel Rarely,no,11,92,8,3,1179,no,female,Y,4,2,1,On PIP,3,0,28,4,Research&Development,11823,4,M,4,9,3,Laboratory Technician
123,2,20,1,2,18834,08/02/13,3,80,1,Medical,travel_rarely,YES,6,80,0,3,912,0,F,Y,2,2,2,Top performer,2,2,49,2,Sales,7876,4,single,3,2,4,Sales Representative
124,29,21,4,5,26928,08/07/18,4,80,1,Life Sciences,Travel_Frequently,N,1,61,0,3,1439,FALSE,Male,Y,2,0,0,Exceeded expectations,3,0,24.0 years,1,research & development,8442,4,Married,3,2,5,Laboratory Technician
125,11,21,3,1,15427,02/05/20,3,80,1,Life Sciences,Travel_Rarely,No,2,67,1,3,1063,No,f,Y,4,6,0,Recently promoted,2,0,42,2,research & development,6747,1,divorced,2,1,4,Healthcare Representative
126,30,14,2,2,25564,14/02/09,4,80,1,Marketing,Travel_Rarely,No,11,85,0,4,1308,N,male,Y,3,2,2,Recently promoted,1,2,56,3,Saless,5504,1,Divorsed,3,0,3,Sales Executive
127,8,16,1,2,3940,21/07/21,4,80,1,Life Sciences,Travel Frequently,N,5,98,2,3,1177,FALSE,M,Y,3,4,2,Top performer,3,3,28,4,research & development,10185,4,M,4,0,4,Research Scientist
128,,18,2,0,4367,13/11/07,3,80,1,Other,Travel_Rarely,yes,1 km,46,0,3,136,YES,M,Y,4,1,0,Remote worker,1,1,31,4,,3954,4,SINGLE,3,0,3,Healthcare Representative
129,22,23,2,1,13428,08/06/16,3,80,1,Life Sciences,Non-Travel,YES,27,68,1,3,1112,No,FEMALE,Y,4,2,1,Meets expectations,2,0,nan,4,Saless,7888,4,Divorsed,4,1,3,Sales Representative
130,1,17,5,1,26271,25/09/06,3,80,1,Marketing,Rarely,Y,10 km,70,1,3,1393,Yes,female,Y,2,3,1,Average,1,1,32,2,Research and Development,5515,2,Divorsed,2,0,2,Healthcare Representative
131,3,14,0,3,18631,16/10/07,4,80,1,Life Sciences,Travel Rarely,no,25 km,77,3,3,962,No,m,Y,3,3,3,Excellent team player,1,1,23,4,Saless,$2845.0,4,Single,4,0,2,Manager
132,2,14,,2,21887,03-28-2013,3,80,1,Medical,Travel Rarely,N,4,57,2,3,831,No,Female,Y,3,2,0,On PIP,5,0,37,3,Research & Development,17825,3,married,1,0,3,Research Scientist
133,8,15,2,1,18862,17/11/08,2,80,1,Technical Degree,Travel_Frequently,N,5,79,1,3,1351,0,M,Y,4,3,1,Average,2,3,27,2,Research & Development,nan,2,S,4,1,2,Laboratory Technician
134,16,20,,0,21144,11-15-2020,4,80,1,Medical,Travel Rarely,NO,18 km,30,0,4,909,TRUE,m,Y,3,1,0,Recently promoted,5,0,41.0 years,3,Research&Development,16973,3,Divorced,4,0,1,Laboratory Technician
135,14,15,4,10,14655,09-16-2009,4,80,1,Medical,Rarely,Yes,5,79,0,3,1124,NO,MALE,Y,3,3,3,New hire,1,0,28,3,Research and Development,nan,3,Divorced,1,0,4,Laboratory Technician
136,12,22,3,12,9968,11-22-2021,3,80,1,Life Sciences,Frequently,No,9,48,0,3,122,N,F,Y,3,1,0,Excellent team player,2,0,50,4,Research and Development,7209,,single,3,2,1,Manufacturing Director
137,4,11,3,3,18292,06-15-2016,3,80,1,Life Sciences,travel_rarely,No,2,88,2,3,895,No,female,Y,3,3,2,Key talent,1,0,29,3,Research & Development,3464,2,D,4,0,3,Research Scientist
138,1,23,,0,24324,01/01/11,3,80,1,Life Sciences,Frequently,No,4,97,0,4,595,Y,m,Y,4,2,0,Excellent team player,3,1,34.0 years,2,SALES,10571,3,M,3,0,3,Sales Representative
139,2,18,2,2,22836,13/06/10,2,80,1,Medical,travel_rarely,NO,1,96,2,3,999,no,Male,Y,2,3,2,,3,0,44,1,Sale,13437,3,Divorced,1,2,5,Sales Representative
140,13,20,1,0,16743,22/03/16,3,80,1,Life Sciences,Travel_Rarely,yes,1,70,0,3,524,TRUE,MALE,Y,4,1,0,High potential,1,2,25.0 years,1,R&D,2957,2,Married,4,0,3,Research Scientist
141,1,23,2,1,3368,10-30-2007,2,80,1,Life Sciences,travel_rarely,N,1,39,1,3,799,TRUE,m,Y,3,2,0,,4,0,39,4,research & development,16538,2,DIVORCED,3,1,1,Healthcare Representative
142,2,15,0,2,4226,29/08/07,3,80,1,Medical,travel_rarely,NO,1,57,1,4,117,No,M,Y,3,2,0,,1,0,48,4,Research & Development,4610,,single,2,1,3,Laboratory Technician
143,5,13,3,1,13688,07/08/09,3,80,1,Medical,Travel_Frequently,No,29 km,63,1,3,726,No,Female,Y,3,4,1,Average,2,1,22,4,SALES,8053,4,MARRIED,1,1,4,Manager
144,0,13,1,0,5612,19/09/04,1,80,1,Medical,travel_rarely,Yes,2,68,0,3,1162,TRUE,M,Y,2,3,0,Top performer,5,0,38.0 years,2,H.R.,15369,4,Single,4,0,5,Human Resources
145,2,14,1,2,23946,08/09/18,1,80,1,Life Sciences,Frequently,YES,8,85,2,3,1333,Y,M,Y,4,5,0,,4,1,39,2,R&D,$12843.0,2,Divorsed,1,2,3,Research Scientist
146,1,22,3,1,14199,29/04/21,2,80,1,Life Sciences,Travel_Rarely,N,14 km,81,0,4,310,NO,male,Y,1,5,0,Excellent team player,5,2,44,4,Saless,16245,2,Divorced,4,1,3,Sales Executive
147,30,17,1,19,12034,03/06/21,3,80,1,Human Resources,Travel Rarely,NO,6,32,2,3,664,no,female,Y,2,3,4,,1,1,25.0 years,4,Research & Development,3431,4,D,4,0,4,Research Scientist
148,2,15,3,0,13569,24/04/07,2,80,1,Life Sciences,travel_rarely,N,1,52,0,3,1071,FALSE,F,Y,2,4,0,Needs improvement,1,1,25,1,Research and Development,4686,2,D,2,0,2,Research Director
149,19,11,2,0,3059,09-13-2019,2,80,1,Technical Degree,Rarely,YES,10,46,0,3,1404,YES,MALE,Y,2,3,0,Remote worker,1,2,41,,Research&Development,4389,,SINGLE,3,0,3,Research Scientist
150,1,24,3,1,20028,25/04/21,4,80,1,Technical Degree,Travel Rarely,no,7,55,1,3,232,N,female,Y,3,3,0,Recently promoted,2,3,39,2,Research&Development,10776,2,Married,4,1,3,Manufacturing Director
151,20,22,4,15,15115,01-23-2021,3,80,1,Marketing,Travel_Rarely,No,10,47,0,3,548,0,male,Y,2,3,1,,3,0,39,4,R&D,9251,3,single,4,0,1,Laboratory Technician
152,9,23,0,9,23649,24/05/15,3,80,1,Life Sciences,Non-Travel,no,11,75,7,3,363,No,male,Y,3,2,3,,1,1,40,1,R&D,5154,4,S,3,5,3,Laboratory Technician
153,18,15,0,4,20195,19/11/23,3,80,1,Marketing,Travel_Rarely,YES,29,99,1,3,210,0,male,Y,3,2,1,Flight risk,3,0,30,4,SALES,11371,4,S,4,0,2,Sales Executive
154,20,24,1,0,4193,08/09/10,2,80,1,Marketing,Rarely,no,6,60,0,3,949,FALSE,Male,Y,4,3,0,Needs improvement,1,0,39,,R&D,3394,4,Married,2,0,3,Laboratory Technician
155,9,15,5,0,18551,02/12/04,2,80,1,Medical,Travel Rarely,N,3 km,38,0,3,1361,Y,M,Y,2,3,0,Good performer,1,0,39,3,Research&Development,6030,4,single,3,0,5,Laboratory Technician
156,24,16,3,7,18128,02/06/14,3,80,1,Life Sciences,Travel_Rarely,NO,8,64,1,3,1000,N,Female,Y,2,2,6,Key talent,3,3,30.0 years,2,Research&Development,10402,4,SINGLE,1,1,2,Research Scientist
157,8,24,1,4,25826,09-25-2015,3,80,1,Life Sciences,Frequently,N,1,89,4,3,858,N,f,Y,2,1,2,On PIP,2,1,53,3,Research & Development,4261,3,single,3,0,4,Healthcare Representative
158,12,17,2,3,6182,20/01/06,3,80,1,Life Sciences,Rarely,no,18,92,3,3,960,N,f,Y,4,3,3,Transferred from other dept,3,0,41,3,Research&Development,11989,1,Single,3,3,1,Research Scientist
159,5,15,4,3,26729,12/01/09,3,80,1,Medical,Travel Rarely,Yes,1,81,3,3,996,FALSE,m,Y,3,5,3,Key talent,1,0,26,4,Research and Development,3324,3,Divorsed,4,0,3,Laboratory Technician
160,24,23,,6,20928,09/12/18,3,80,1,,Travel_Rarely,NO,3,77,1,3,961,No,Male,Y,3,2,0,Flight risk,3,3,42.0 years,1,research & development,9428,2,married,4,1,1,Laboratory Technician
161,17,21,1,9,5868,18/09/23,1,80,1,Life Sciences,Travel_Rarely,N,13,90,0,3,1296,0,F,Y,3,3,0,Average,1,0,28,4,Research & Development,6031,4,Divorsed,4,1,5,Research Scientist
162,1,24,2,1,10506,03/08/13,4,80,1,Medical,travel_rarely,no,7,53,1,3,292,no,m,Y,2,6,1,Meets expectations,1,0,nan,1,Research & Development,4479,3,married,2,1,4,Research Director
163,8,12,3,1,7950,08-13-2005,3,80,1,Life Sciences,Travel_Rarely,YES,4,87,1,3,614,Yes,male,Y,2,2,0,On PIP,3,2,47.0 years,2,Research and Development,12376,4,Single,3,1,3,Laboratory Technician
164,22,24,1,5,10914,21/02/05,4,80,1,Medical,Travel Rarely,No,5,93,1,3,889,N,m,Y,4,4,1,Meets expectations,4,1,29,3,SALES,$15815.0,4,DIVORCED,2,4,4,Sales Executive
165,15,12,3,12,16141,01/09/08,4,80,1,Technical Degree,Rarely,NO,15,59,0,3,1067,FALSE,FEMALE,Y,2,4,3,High potential,1,0,45,1,sales,4032,2,married,2,12,3,Sales Executive
166,32,23,0,2,13537,06/06/10,2,80,1,Life Sciences,Travel Frequently,No,3,58,0,3,183,Y,male,Y,4,2,2,Meets expectations,1,0,40,,Research & Development,6189,4,Single,2,0,5,Laboratory Technician
167,2,14,3,1,18154,02/03/07,4,80,1,Life Sciences,Travel_Rarely,no,16,39,1,3,897,No,male,Y,4,1,0,Exceeded expectations,2,3,44,4,R&D,6866,4,single,3,1,4,Laboratory Technician
168,4,11,1,1,4309,12/12/05,4,80,1,Life Sciences,Rarely,Y,1 km,68,1,3,179,0,female,Y,3,2,1,On PIP,1,3,54,4,Research&Development,8349,4,Single,4,0,4,Manufacturing Director
169,7,17,0,1,8630,24/02/23,4,80,1,Medical,Travel Rarely,YES,11,84,0,3,1332,1,m,Y,4,2,1,Flight risk,3,0,34,2,,9960,4,SINGLE,3,1,3,Research Scientist
170,2,23,2,0,12693,28/12/16,3,80,1,Medical,Travel_Rarely,NO,15,57,0,3,621,NO,male,Y,1,5,0,Excellent team player,3,0,30,1,Research & Development,12539,2,M,4,0,2,Research Scientist
171,5,11,2,4,16778,22/06/08,4,80,1,Human Resources,Travel_Rarely,Y,1,47,0,3,1322,YES,MALE,Y,1,2,4,,1,0,nan,4,Research & Development,6265,4,MARRIED,4,4,3,Healthcare Representative
172,7,13,4,1,13525,11-27-2004,3,80,1,Life Sciences,Travel_Frequently,NO,4 km,70,1,3,333,FALSE,Male,Y,2,5,1,Flight risk,2,1,29,2,research & development,8474,3,S,3,1,2,Research Scientist
173,2,20,3,2,25070,11/03/13,4,80,1,Human Resources,travel_rarely,NO,1,94,2,3,343,NO,FEMALE,Y,2,2,2,Good performer,3,1,36,4,Sales,9994,4,S,4,2,3,Sales Representative
174,2,17,2,0,15416,30/01/19,3,80,1,Life Sciences,travel_rarely,NO,9,75,0,3,948,N,M,Y,2,5,0,Remote worker,1,0,40,2,Research&Development,$4772.0,,Divorsed,1,0,3,Research Scientist
175,1,21,2,0,20407,02-16-2008,4,80,1,Medical,travel_rarely,NO,6,89,0,3,492,No,male,Y,3,2,0,Excellent team player,2,2,39,3,R&D,4769,1,single,3,0,3,Healthcare Representative
176,,22,0,3,18733,08/08/22,3,80,1,Life Sciences,Rarely,N,8,38,0,3,108,FALSE,FEMALE,Y,1,3,3,Meets expectations,1,1,44,4,R&D,nan,4,Married,3,3,1,Laboratory Technician
177,4,22,1,3,10629,12/06/16,3,80,1,Technical Degree,Travel Rarely,no,1,74,1,3,712,FALSE,f,Y,3,1,1,Flight risk,2,1,37,4,Sale,8524,4,Divorced,2,0,2,Sales Representative
178,2,16,2,1,10360,05/11/07,4,80,1,Medical,Rarely,NO,1,89,1,3,906,No,F,Y,2,2,0,High potential,1,3,50,1,Saless,5200,,Single,3,1,3,Sales Executive
179,7,17,2,7,14011,06-28-2007,3,80,1,Medical,Rarely,N,1,57,2,4,814,NO,MALE,Y,1,2,7,Needs improvement,3,0,34,2,R&D,6540,4,SINGLE,3,7,5,Research Scientist
180,0,15,1,0,9953,11-15-2018,1,80,1,,Travel_Frequently,no,3,32,0,4,1276,0,male,Y,4,0,0,Remote worker,2,0,60,4,SALES,6101,4,MARRIED,4,0,3,Sales Executive
181,25,18,4,2,5301,09-28-2022,2,80,1,Life Sciences,Travel_Frequently,Y,6,80,2,3,209,NO,f,Y,3,2,1,Average,1,1,42,2,Research&Development,3877,1,SINGLE,4,0,3,Research Scientist
182,3,16,1,3,22502,07/07/06,4,80,1,Life Sciences,Frequently,No,15,37,0,3,933,Yes,female,Y,4,3,1,Transferred from other dept,3,2,29,1,,11437,4,MARRIED,4,0,4,Sales Executive
183,21,22,4,10,13227,12-26-2012,4,80,1,Technical Degree,Travel Rarely,no,8,99,0,4,365,N,M,Y,4,2,0,Key talent,1,0,27,1,Saless,5434,3,divorced,3,1,3,Sales Executive
184,6,14,1,2,8819,03-18-2017,3,80,1,Life Sciences,travel_rarely,no,4,88,1,3,1496,NO,MALE,Y,3,3,2,New hire,2,2,41,3,research & development,7744,4,single,1,1,2,Laboratory Technician
185,18,24,2,2,13782,02-18-2009,4,80,1,Life Sciences,Rarely,Yes,24,90,1,3,1275,FALSE,male,Y,4,3,2,Meets expectations,2,0,34,4,sales,8952,3,M,3,1,3,Sales Representative
186,2,21,1,2,4769,05/07/20,2,80,1,Medical,Rarely,no,10 km,87,2,3,1075,no,F,Y,2,4,0,,1,0,43,4,Research&Development,3460,3,M,2,2,2,Manufacturing Director
187,1,11,1,1,12492,19/08/11,2,80,1,,Travel Rarely,no,21,99,1,3,1054,yes,m,Y,3,4,0,High potential,4,0,41,2,R&D,14915,4,Single,2,1,5,Laboratory Technician
188,18,12,1,6,22883,12/06/14,3,80,1,Life Sciences,Travel Frequently,No,5,41,0,3,1006,0,MALE,Y,3,4,3,Exceeded expectations,3,3,36,1,Research and Development,11712,3,MARRIED,1,6,2,Laboratory Technician
189,2,22,4,1,20564,02/09/16,3,80,1,Life Sciences,Rarely,Y,2,38,1,3,1449,No,MALE,Y,3,2,0,Key talent,1,1,29,3,Sale,5566,3,single,3,0,3,Sales Executive
190,13,16,,8,5345,24/02/15,3,80,1,Life Sciences,Travel_Rarely,NO,1,78,2,4,771,Y,F,Y,3,2,5,Exceeded expectations,3,0,23,1,Research and Development,10726,3,M,3,0,1,Laboratory Technician
191,4,14,1,1,4665,15/08/07,3,80,1,Medical,Travel_Rarely,yes,10,46,1,3,275,FALSE,FEMALE,Y,4,3,1,Meets expectations,2,3,32,2,research & development,nan,3,Single,2,0,2,Healthcare Representative
192,13,13,0,13,26807,04-20-2008,2,80,1,Technical Degree,Rarely,N,1,83,3,3,624,no,m,Y,3,3,4,Meets expectations,4,1,44.0 years,4,Saless,14739,3,Married,2,1,4,Sales Executive
193,23,17,2,1,12784,03/12/08,4,80,1,Other,Travel_Rarely,N,2 km,73,1,3,1438,NO,f,Y,1,2,1,Transferred from other dept,1,2,38,2,research & development,3547,2,SINGLE,4,1,2,Research Scientist
194,39,17,4,10,14366,02/02/15,3,80,1,Medical,Travel Frequently,Yes,6,61,0,3,1190,FALSE,FEMALE,Y,3,3,1,New hire,2,0,25,3,Research & Development,$8372.0,3,DIVORCED,4,1,1,Manufacturing Director
195,4,12,0,2,20926,08-31-2016,4,80,1,Life Sciences,travel_frequently,Y,6,64,2,4,1051,N,male,Y,3,1,0,Meets expectations,2,0,38,4,R&D,9128,2,Single,3,2,3,Research Scientist
196,4,18,1,1,11325,11-26-2010,4,80,1,Technical Degree,Travel Rarely,No,7,78,0,3,1307,No,male,Y,3,2,1,Exceeded expectations,2,1,40,4,R&D,7117,3,MARRIED,2,1,1,Healthcare Representative
197,39,21,1,1,7440,09-15-2022,3,80,1,Medical,travel_frequently,N,1,83,1,3,1158,TRUE,m,Y,1,3,1,Recently promoted,2,2,29,3,Research & Development,9633,3,MARRIED,1,1,1,Healthcare Representative
198,19,11,2,9,26532,03/01/08,2,80,1,Life Sciences,Rarely,NO,3,45,0,3,604,FALSE,female,Y,4,2,1,Key talent,1,1,38,3,Research and Development,5573,3,M,2,4,4,Research Scientist
199,0,21,2,0,9110,28/03/09,4,80,1,Technical Degree,Rarely,Y,7,41,0,3,948,YES,M,Y,4,1,0,Recently promoted,3,1,37,3,Human Resources,7486,2,M,4,0,4,Human Resources
200,8,20,1,2,22264,01/11/20,1,80,1,Marketing,travel_rarely,N,28,37,0,3,1062,Y,Female,Y,4,2,0,Exceeded expectations,2,2,26,4,Saless,8449,1,M,3,2,4,Sales Executive
201,1,17,1,1,21121,05/02/13,2,80,1,Marketing,Travel_Rarely,Y,10,50,0,3,1199,Yes,FEMALE,Y,1,2,0,Remote worker,5,0,40,4,Research&Development,16390,,married,4,1,4,Laboratory Technician
202,40,20,6,16,20815,02/09/20,1,80,1,Medical,None,Yes,20,77,1,3,571,FALSE,M,Y,3,2,3,Top performer,1,1,42,4,R&D,5805,3,DIVORCED,3,2,3,Research Scientist
203,1,22,1,1,19771,11-17-2005,4,80,1,Life Sciences,travel_rarely,no,11,37,1,3,622,N,f,Y,3,2,1,,3,0,46,3,Research&Development,12416,3,S,4,1,1,Manufacturing Director
204,8,11,1,1,13495,06/06/07,4,80,1,Life Sciences,Travel_Rarely,No,7,57,1,3,979,TRUE,Male,Y,3,1,0,Key talent,4,0,46,1,R&D,14292,1,M,3,1,4,Laboratory Technician
205,10,23,3,10,11629,10-18-2015,4,80,1,Medical,travel_frequently,NO,1,39,4,3,1406,no,m,Y,1,2,1,Remote worker,3,0,24,4,Research & Development,13497,,Divorsed,1,0,4,Research Scientist
206,27,22,0,11,21749,04/01/11,3,80,1,Life Sciences,Rarely,Yes,8,81,0,3,373,no,Female,Y,3,2,0,Recently promoted,4,2,28.0 years,4,Research & Development,13731,4,Divorced,1,5,4,Research Scientist
207,18,24,1,1,17533,04-21-2006,1,80,1,Medical,Rarely,no,7,44,1,3,153,No,F,Y,4,2,1,High potential,3,2,41,4,Sales,11937,3,D,4,1,3,Sales Representative
208,2,13,1,2,20823,10/08/20,4,80,1,,Travel Rarely,NO,7,33,0,3,1178,no,Male,Y,4,2,1,Top performer,2,0,41,3,R&D,9207,1,Married,3,2,2,Research Scientist
209,8,13,4,1,13365,05/05/14,3,80,1,Marketing,travel_rarely,no,5,91,0,4,987,Yes,female,Y,3,4,0,,2,0,nan,3,Research & Development,7853,2,SINGLE,2,1,7,Healthcare Representative
210,30,20,1,0,14099,02-23-2020,3,80,1,Medical,Travel_Rarely,no,6,33,0,3,844,FALSE,F,Y,4,3,0,Recently promoted,1,0,nan,1,Sales,6168,4,Married,4,0,4,Sales Executive
211,13,24,1,8,3316,07/10/21,2,80,1,Marketing,None,NO,3,70,1,3,376,0,MALE,Y,4,3,8,New hire,2,3,42,4,SALES,7107,3,M,2,2,5,Sales Representative
212,11,12,3,7,7204,17/04/13,2,80,1,Marketing,Travel Rarely,yes,5,84,0,3,982,no,f,Y,3,3,1,Transferred from other dept,1,1,47,4,Research & Development,4366,2,married,4,6,2,Healthcare Representative
213,14,24,0,1,23388,29/09/22,4,80,1,Medical,Travel Rarely,No,1,57,1,3,731,Y,male,Y,3,2,0,On PIP,3,3,nan,2,Saless,9031,4,married,4,1,2,Sales Representative
214,3,20,5,0,15512,11/05/12,2,80,1,Life Sciences,Travel_Rarely,no,13,76,0,3,1348,N,MALE,Y,2,6,0,Meets expectations,2,2,42,4,R&D,$8362.0,2,DIVORCED,2,0,2,Laboratory Technician
215,13,23,1,1,2684,11/08/10,2,80,1,Life Sciences,Rarely,N,1,38,1,3,669,No,Male,Y,3,0,0,Meets expectations,2,0,34,2,SALES,8487,4,M,2,1,4,Sales Executive
216,2,15,4,2,8440,02/08/20,3,80,1,Life Sciences,Travel Frequently,No,1,31,2,3,1378,0,female,Y,1,2,0,Remote worker,1,0,43,3,research & development,6768,1,DIVORCED,3,2,2,Manufacturing Director
217,,14,2,5,13735,10/11/14,2,80,1,Life Sciences,Travel_Frequently,yes,4,96,3,3,275,FALSE,FEMALE,Y,1,2,3,Key talent,5,1,30,2,sales,18186,2,Married,4,3,1,Sales Executive
218,22,23,3,1,5087,03/04/21,1,80,1,Life Sciences,Travel_Rarely,Y,8,77,1,3,665,NO,M,Y,4,4,0,Good performer,1,0,34,3,H.R.,4572,3,MARRIED,1,1,5,Human Resources
219,0,16,3,0,11867,17/12/12,4,80,1,Life Sciences,travel_rarely,Yes,4,98,0,3,1269,N,Male,Y,4,5,0,Exceeded expectations,1,0,32.0 years,2,sales,3232,2,married,3,0,1,Manager
220,5,12,3,1,20497,07-20-2010,3,80,1,Medical,travel_frequently,NO,2,57,1,3,870,1,FEMALE,Y,2,4,1,Average,1,0,37,3,Saless,nan,1,MARRIED,1,1,4,Sales Executive
221,3,24,1,3,19341,04/12/09,4,80,1,Technical Degree,Rarely,No,6,43,0,3,361,N,Male,Y,3,2,0,,5,1,57,4,Research&Development,$18666.0,4,Single,2,0,3,Research Scientist
222,2,14,1,0,7778,09/07/06,3,80,1,Life Sciences,Travel Rarely,NO,3,75,0,3,630,No,FEMALE,Y,3,5,0,Flight risk,5,1,20,2,research & development,18132,,S,4,0,4,Research Scientist
223,18,22,1,4,18029,30/01/06,2,80,1,Medical,Travel Rarely,Yes,21,42,3,3,1494,Yes,f,Y,3,1,0,Remote worker,3,0,43,4,R&D,12626,4,DIVORCED,4,4,3,Laboratory Technician
224,11,17,2,1,10079,11-28-2021,3,80,1,Medical,travel_rarely,Y,20,45,1,3,990,NO,M,Y,2,3,1,Needs improvement,4,1,22,3,Sale,13682,2,Single,4,1,4,Sales Representative
225,1,11,3,1,24412,07/09/04,2,80,1,Life Sciences,Rarely,NO,5 km,69,1,3,1320,No,female,Y,4,5,1,,1,0,32.0 years,4,Sale,4300,4,married,1,1,4,Sales Executive
226,6,23,1,1,24084,08/05/15,2,80,1,Technical Degree,Travel Rarely,No,3,59,0,3,1047,NO,MALE,Y,3,4,1,Average,5,2,46,4,R&D,15894,4,M,4,1,1,Research Scientist
227,6,21,,2,5094,09/04/09,1,80,1,Medical,Travel_Rarely,NO,10,94,1,3,684,TRUE,Female,Y,1,2,0,,1,1,37,1,Sales,4916,2,MARRIED,3,1,1,Sales Executive
228,1,13,3,1,21191,29/08/23,1,80,1,Life Sciences,Travel_Rarely,no,1,87,1,4,914,No,F,Y,3,3,0,Remote worker,1,0,27,3,Sales,4882,3,MARRIED,3,0,2,Sales Representative
229,16,11,3,2,16821,25/01/22,3,80,1,Marketing,Travel_Rarely,No,5 km,77,2,3,1407,Y,female,Y,4,2,1,Transferred from other dept,1,1,nan,1,Human Resourses,5310,4,single,3,2,3,Human Resources
230,4,12,3,1,9582,14/07/09,1,80,1,Life Sciences,Travel_Rarely,No,3 km,78,0,3,401,Yes,Male,Y,4,1,0,Top performer,2,1,43.0 years,3,SALES,7806,1,MARRIED,4,0,4,Manager
231,14,19,,3,11012,27/06/12,2,80,1,Medical,travel_frequently,N,20,31,1,3,1255,no,F,Y,3,3,1,Remote worker,3,0,30,2,research & development,10799,4,married,4,2,3,Research Scientist
232,2,20,4,2,2887,04/10/10,4,80,1,Life Sciences,None,Y,1,43,2,3,1243,FALSE,Male,Y,2,2,0,Transferred from other dept,2,0,38.0 years,3,research & development,6834,4,married,3,0,3,Research Director
233,3,15,1,2,13920,29/01/11,2,80,1,Marketing,Travel_Rarely,N,6,46,2,3,1259,FALSE,M,Y,3,1,1,Average,5,3,37,4,research & development,18412,2,S,4,1,2,Research Scientist
234,1,23,2,0,8015,05/11/08,2,80,1,Medical,Travel_Rarely,NO,10,60,0,4,727,0,male,Y,4,3,0,Needs improvement,2,0,31.0 years,3,Research & Development,8114,4,married,4,0,4,Manufacturing Director
235,1,14,5,1,23808,07/02/06,3,80,1,Medical,No Travel,No,5,39,1,3,672,N,male,Y,3,3,1,Average,1,1,56,2,Research & Development,4738,1,single,1,1,5,Research Scientist
236,21,22,0,15,16530,23/04/15,4,80,1,Life Sciences,travel_rarely,NO,1,99,2,3,628,FALSE,Male,Y,4,1,2,Meets expectations,2,2,42,2,Sales,6878,3,single,3,6,2,Sales Executive
237,1,14,3,0,22377,06-18-2009,1,80,1,Medical,Travel Frequently,Yes,28 km,66,0,3,133,1,F,Y,1,0,0,Key talent,3,0,18,1,,9002,2,SINGLE,1,0,3,Sales Representative
238,1,18,2,1,21468,24/03/17,2,80,1,Marketing,No Travel,N,5,93,1,4,631,yes,FEMALE,Y,3,4,1,,3,0,38,4,research & development,12961,3,single,2,1,1,Healthcare Representative
239,28,22,4,5,19259,09/09/21,3,80,1,Medical,Travel Rarely,NO,7,59,1,3,1331,FALSE,male,Y,2,1,0,Needs improvement,2,2,31,1,Research and Development,8831,2,divorced,4,5,3,Laboratory Technician
240,10,13,3,0,14453,11-29-2007,3,80,1,Medical,Travel_Rarely,no,2 km,63,0,4,1422,0,FEMALE,Y,4,3,0,Exceeded expectations,2,0,44,4,Research & Development,5564,2,single,4,0,3,Manufacturing Director
241,1,22,2,1,23653,31/01/06,2,80,1,Medical,Non Travel,yes,5,47,0,3,1217,no,MALE,Y,1,5,0,Top performer,1,1,29,3,R&D,6144,4,divorced,2,1,2,Laboratory Technician
242,35,22,0,14,9508,10-30-2014,2,80,1,Technical Degree,Rarely,No,4,92,6,3,470,No,f,Y,3,3,3,Remote worker,2,1,35,3,R&D,nan,2,Divorsed,1,1,3,Healthcare Representative
243,1,14,3,0,22380,24/06/23,2,80,1,Medical,travel_rarely,NO,1,78,0,3,508,No,Female,Y,4,1,0,Key talent,5,2,41,1,,17186,3,MARRIED,3,0,3,Research Scientist
244,14,12,1,6,2556,02/08/05,2,80,1,Technical Degree,Travel_Rarely,NO,1,85,6,4,716,FALSE,Male,Y,3,2,0,High potential,1,3,44,3,R&D,7397,2,single,3,3,3,Laboratory Technician
245,0,16,1,0,23677,14/09/05,2,80,1,Marketing,travel_rarely,Yes,14,87,0,3,170,no,Female,Y,4,3,0,Flight risk,4,2,26,4,Research&Development,14325,2,Married,4,0,3,Laboratory Technician
246,9,22,4,1,10900,27/06/22,3,80,1,Medical,Non-Travel,No,2,56,1,3,183,N,M,Y,3,4,0,Recently promoted,2,1,33,,research & development,nan,3,Divorced,3,0,1,Laboratory Technician
247,7,19,2,1,2717,21/10/10,2,80,1,Life Sciences,Rarely,N,1,84,1,3,308,FALSE,male,Y,4,3,1,,1,2,nan,1,R&D,5547,1,Married,3,0,4,Healthcare Representative
248,2,22,3,2,5665,07-22-2005,3,80,1,Life Sciences,Rarely,No,5,48,2,3,358,Yes,female,Y,1,0,0,On PIP,5,3,31,4,research & development,nan,4,S,2,1,4,Research Scientist
249,10,14,0,7,15891,02-19-2021,3,80,1,Marketing,travel_frequently,Y,11,52,0,3,1362,Y,m,Y,3,1,3,Good performer,2,3,52,2,R&D,7095,3,Married,4,5,3,Research Scientist
250,9,21,3,0,12336,04/08/19,2,80,1,Life Sciences,Travel Frequently,YES,1,76,0,3,1425,0,m,Y,4,2,0,Good performer,1,2,40,3,Research and Development,5860,4,Divorsed,2,0,1,Laboratory Technician
251,16,16,0,1,17014,15/04/21,4,80,1,Medical,Non Travel,no,6,95,1,4,1355,No,m,Y,3,3,1,Transferred from other dept,1,0,25,3,Human Resourses,nan,2,Divorced,1,1,4,Human Resources
252,20,14,3,4,8547,26/06/10,4,80,1,Marketing,Travel_Rarely,yes,1,80,1,3,1031,no,FEMALE,Y,4,3,4,Excellent team player,1,1,45.0 years,4,R&D,6485,4,S,3,2,5,Research Scientist
253,7,24,3,2,7196,20/10/23,2,80,1,Life Sciences,non-travel,N,1,57,2,3,381,FALSE,Male,Y,3,0,2,,3,0,nan,2,Research & Development,9682,3,MARRIED,2,2,2,Laboratory Technician
254,6,12,3,3,20403,19/12/05,2,80,1,Medical,Travel Rarely,Yes,1,86,1,3,493,TRUE,M,Y,3,4,1,New hire,2,0,46,1,Sale,6522,1,SINGLE,4,0,3,Manager
255,9,23,6,9,13971,16/01/23,3,80,1,Life Sciences,Frequently,No,14,87,5,3,517,no,female,Y,3,3,3,Excellent team player,4,0,23,3,Research&Development,13829,4,S,1,3,2,Research Scientist
256,13,24,2,2,26866,18/04/19,2,80,1,Life Sciences,Travel_Rarely,no,1,44,1,3,1329,No,F,Y,4,4,2,Needs improvement,1,3,32,4,Sales,5649,4,Divorsed,4,2,3,Sales Representative
257,4,16,5,4,20567,13/12/21,4,80,1,Marketing,None,no,1,45,0,3,1387,no,Male,Y,4,2,0,,1,0,48,4,Research & Development,5245,2,SINGLE,2,4,2,Manufacturing Director
258,7,22,4,5,22263,10-27-2004,2,80,1,Life Sciences,Travel_Rarely,Y,4,76,0,4,1434,FALSE,Male,Y,3,3,5,Flight risk,1,1,30,3,Research&Development,3886,4,S,3,2,3,Laboratory Technician
259,8,17,2,0,21320,01/08/22,3,80,1,Life Sciences,Travel Rarely,N,14,92,0,3,958,No,male,Y,2,2,0,New hire,2,1,40,4,Research & Development,7240,4,single,3,0,4,Research Director
260,40,14,3,6,17216,26/07/12,2,80,1,Technical Degree,Travel_Rarely,NO,2,41,2,3,725,NO,MALE,Y,2,3,0,Flight risk,5,0,43,4,,15300,2,Divorsed,4,0,3,Manufacturing Director
261,8,22,3,3,12606,17/09/11,3,80,1,Life Sciences,Travel Frequently,yes,4,72,2,3,1202,Yes,m,Y,3,4,1,High potential,3,1,28,4,,10662,2,DIVORCED,4,3,3,Laboratory Technician
262,2,21,2,1,8691,27/02/09,2,80,1,Other,Travel_Frequently,No,1,58,1,3,1465,Y,FEMALE,Y,2,3,1,Transferred from other dept,1,1,36,4,,6612,3,M,2,1,3,Laboratory Technician
263,8,17,2,1,9045,06/03/17,3,80,1,Other,travel_rarely,NO,4,78,1,4,661,0,Female,Y,3,2,1,Key talent,4,2,18,,Research & Development,nan,2,married,3,1,3,Manufacturing Director
264,17,23,1,4,12487,04/08/12,4,80,1,Life Sciences,Rarely,Y,6,32,4,3,931,no,Female,Y,4,3,1,Exceeded expectations,3,0,27,2,R&D,12289,2,single,3,0,1,Laboratory Technician
265,19,21,,4,21197,04/05/17,4,80,1,Life Sciences,Travel_Frequently,Y,6,98,4,3,1218,0,MALE,Y,3,2,0,High potential,1,0,34,2,R&D,nan,3,Married,4,1,1,Healthcare Representative
266,16,18,2,16,3237,10/12/13,3,80,1,Medical,Travel_Rarely,NO,3,89,0,3,1040,No,f,Y,3,4,2,New hire,3,1,25,3,Sale,10117,1,M,3,1,4,Sales Executive
267,21,21,1,9,12309,02/12/12,3,80,1,Medical,Rarely,no,3,95,6,4,1474,No,m,Y,1,1,4,,1,0,51,4,research & development,4720,3,S,3,3,1,Research Scientist
268,4,13,3,1,23225,03-13-2012,3,80,1,Life Sciences,Travel_Frequently,YES,1,55,1,4,161,Yes,Female,Y,4,0,0,Remote worker,1,0,24,4,research & development,8256,2,Married,4,1,4,Research Scientist
269,7,12,0,7,21427,09/01/16,3,80,1,Medical,Rarely,No,3,98,2,3,1265,N,f,Y,3,1,1,Flight risk,1,0,33,1,R&D,7166,2,Divorsed,3,5,4,Research Scientist
270,15,15,1,0,8472,20/06/12,2,80,1,Life Sciences,Travel Rarely,YES,1,76,0,3,833,0,m,Y,3,2,0,Key talent,2,1,38,1,Sale,5491,1,SINGLE,4,0,2,Sales Executive
271,3,12,2,0,21471,12/09/21,3,80,1,Technical Degree,travel_rarely,no,11,71,0,4,1234,0,female,Y,3,0,0,Good performer,2,0,49,4,Research & Development,8580,3,S,4,0,3,Healthcare Representative
272,4,20,3,1,5558,01/12/22,4,80,1,Life Sciences,travel_frequently,N,27,60,1,3,881,no,male,Y,2,1,1,Needs improvement,1,1,24,3,R&D,5000,3,single,4,1,3,Manufacturing Director
273,17,15,0,4,7293,14/09/19,4,80,1,Life Sciences,Rarely,N,28,51,2,3,1280,No,F,Y,3,2,0,Good performer,1,3,47,2,research & development,6239,4,S,4,3,4,Manufacturing Director
274,14,20,1,1,21237,09-19-2004,3,80,1,Life Sciences,travel_rarely,N,16,46,0,3,638,yes,MALE,Y,4,1,1,,3,2,37,3,Research & Development,9882,4,Divorced,3,1,5,Laboratory Technician
275,35,23,3,2,14811,28/11/20,2,80,1,Human Resources,Rarely,N,7,49,2,3,696,Y,Male,Y,2,4,2,Recently promoted,5,0,28,2,Sale,15740,1,M,3,1,4,Sales Representative
276,40,16,0,1,20229,28/01/19,4,80,1,Medical,travel_rarely,NO,9,37,0,3,108,NO,f,Y,4,1,0,,3,1,41,4,SALES,9985,2,MARRIED,2,0,1,Sales Executive
277,2,18,2,2,8362,12/09/17,4,80,1,Marketing,Travel_Rarely,N,2,78,2,3,375,FALSE,M,Y,3,5,1,Transferred from other dept,1,0,38,4,research & development,4142,4,Married,4,0,3,Healthcare Representative
278,23,16,2,14,15311,18/12/09,3,80,1,,Travel_Rarely,No,7,67,4,3,326,TRUE,female,Y,3,4,4,Meets expectations,1,0,31.0 years,4,Research and Development,nan,2,Single,3,0,3,Laboratory Technician
279,0,14,1,0,25040,03/08/11,4,80,1,Life Sciences,travel_rarely,Y,4,82,0,3,285,N,m,Y,3,2,0,Needs improvement,1,0,37,2,Sale,3228,1,married,3,0,3,Manager
280,12,13,2,5,25950,11/05/15,4,80,1,Life Sciences,Travel Rarely,NO,5,57,0,4,690,NO,FEMALE,Y,4,1,1,High potential,1,0,33,4,Research&Development,4066,,M,4,1,1,Manufacturing Director
281,2,24,2,2,5182,04/04/20,3,80,1,Medical,travel_rarely,no,11,58,2,3,1339,No,female,Y,3,1,2,Exceeded expectations,2,1,38,,Human Resourses,5316,3,Married,4,2,2,Human Resources
282,3,24,3,3,16298,01-19-2022,3,80,1,,Travel_Rarely,N,2,40,1,3,532,FALSE,Male,Y,4,3,3,Exceeded expectations,2,3,42,2,sales,9510,3,DIVORCED,2,3,4,Sales Representative
283,29,12,4,7,18847,29/09/08,3,80,1,Medical,non-travel,Y,3,76,0,3,668,1,m,Y,3,3,1,Good performer,3,3,51,3,R&D,12906,,MARRIED,1,2,3,Laboratory Technician
284,3,23,0,3,22244,05/05/08,3,80,1,Life Sciences,Travel_Rarely,Yes,20,74,3,4,755,1,M,Y,3,2,0,Key talent,3,0,25,,SALES,10509,3,MARRIED,2,3,3,Sales Executive
285,11,11,0,0,7760,08/05/19,2,80,1,Human Resources,Travel Frequently,No,1,47,0,3,455,no,Male,Y,4,2,0,Key talent,1,1,56,4,R&D,nan,4,divorced,3,0,3,Laboratory Technician
286,1,12,2,1,9260,27/06/07,3,80,1,Life Sciences,No Travel,YES,5,79,1,3,942,YES,m,Y,2,3,0,Needs improvement,1,0,19.0 years,3,Sales,$5679.0,3,SINGLE,2,0,4,Sales Executive
287,0,12,1,0,2450,20/09/09,1,80,1,Human Resources,travel_rarely,Y,19,78,0,3,491,yes,f,Y,4,2,0,Average,3,1,35,4,Research&Development,13211,,single,1,0,4,Research Scientist
288,4,15,2,2,15707,08/07/19,3,80,1,Life Sciences,Travel_Rarely,no,7,51,2,4,678,No,f,Y,3,5,0,Recently promoted,1,0,42.0 years,3,Research&Development,5612,,SINGLE,3,0,2,Research Director
289,9,19,1,2,3915,12/04/11,4,80,1,Medical,Travel Rarely,yes,6,74,0,4,1398,0,f,Y,1,2,2,Transferred from other dept,1,3,39,4,Research & Development,3953,4,M,1,2,2,Laboratory Technician
290,2,11,1,2,11115,08/07/05,3,80,1,Life Sciences,Rarely,N,2,90,2,3,519,no,f,Y,3,2,1,Transferred from other dept,2,2,31,4,SALES,5571,2,MARRIED,2,2,2,Sales Representative
291,,14,2,3,22006,29/03/20,1,80,1,,travel_rarely,No,3,50,2,3,263,NO,Female,Y,2,1,0,On PIP,1,0,35.0 years,4,Research & Development,$3327.0,1,MARRIED,4,3,4,Manufacturing Director
292,12,20,4,0,9076,23/06/20,4,80,1,Medical,Rarely,YES,15,90,0,3,878,Yes,FEMALE,Y,2,3,0,Average,1,2,32,,Research & Development,$5109.0,2,divorced,3,0,3,Laboratory Technician
293,1,17,2,1,16814,02/04/06,2,80,1,Medical,travel_frequently,N,6,65,1,3,737,No,MALE,Y,1,2,1,Excellent team player,3,1,31,1,Research&Development,10017,,M,3,1,3,Laboratory Technician
294,5,21,1,4,2315,05/04/23,4,80,1,Medical,Travel_Frequently,N,5,53,1,3,1306,NO,Female,Y,2,2,0,Excellent team player,4,1,44,4,research & development,14292,,M,2,3,3,Manufacturing Director
295,28,24,0,0,23150,15/05/18,3,80,1,Marketing,Travel_Rarely,No,1,61,0,3,1433,no,FEMALE,Y,2,2,0,Excellent team player,1,1,40,2,Research&Development,4170,3,single,4,0,3,Research Director
296,5,20,0,0,6793,15/02/21,3,80,1,Medical,Rarely,N,1,88,0,3,116,N,M,Y,1,2,0,,1,1,30.0 years,3,Research&Development,3412,2,S,4,0,4,Research Scientist
297,5,13,1,5,19760,30/07/08,3,80,1,Marketing,Travel_Rarely,NO,26,34,3,3,545,no,M,Y,2,3,5,Remote worker,3,2,45.0 years,2,R&D,9234,2,MARRIED,3,0,3,Healthcare Representative
298,13,18,3,3,21199,10/06/22,2,80,1,Life Sciences,Travel_Rarely,yes,3,45,1,3,269,FALSE,Male,Y,4,2,2,Good performer,1,2,39,2,Research & Development,7343,4,MARRIED,4,3,2,Research Director
299,,13,2,9,3262,04/12/21,3,80,1,Medical,Travel_Rarely,yes,7,40,4,3,1403,NO,M,Y,4,3,3,Good performer,2,1,44,3,Research&Development,9333,4,D,3,9,2,Manufacturing Director
300,14,18,3,8,11319,06/09/16,2,80,1,Medical,Rarely,NO,1,64,0,3,439,0,Female,Y,4,2,1,On PIP,1,2,42,4,Research & Development,7595,,SINGLE,1,0,3,Research Director
301,40,23,1,11,15194,08-21-2020,3,80,1,Life Sciences,Non-Travel,no,9,71,2,4,825,no,M,Y,1,3,1,Recently promoted,1,3,29,3,R&D,5809,3,S,1,0,5,Laboratory Technician
302,0,12,2,0,21309,09/11/18,3,80,1,Medical,Travel Rarely,N,21,39,0,3,1134,Y,male,Y,1,3,0,Transferred from other dept,3,0,31,1,Human Resources,10355,1,married,2,0,3,Manager
303,40,15,1,1,5468,21/09/21,3,80,1,Life Sciences,travel_rarely,NO,6,37,1,3,232,yes,Female,Y,1,3,0,Flight risk,3,0,43,3,Research&Development,$12985.0,4,single,3,1,4,Manufacturing Director
304,29,14,2,1,15874,08/12/18,4,80,1,Life Sciences,Travel Frequently,No,1,55,1,3,1000,1,m,Y,3,3,0,Exceeded expectations,1,1,42,4,Sales,4950,3,single,2,1,4,Sales Executive
305,19,21,4,0,14651,07-25-2021,3,80,1,Life Sciences,Rarely,No,6,32,0,4,739,No,M,Y,4,2,0,,1,3,36,,sales,5331,3,Married,4,0,2,Manager
306,6,19,4,3,22405,24/02/21,3,80,1,Life Sciences,Rarely,No,11,88,3,3,1271,no,male,Y,4,5,3,Remote worker,1,0,38,,research & development,4935,3,SINGLE,3,3,1,Laboratory Technician
307,20,13,3,8,16482,08/02/07,4,80,1,Medical,Travel_Rarely,No,4,32,1,4,922,No,Female,Y,2,3,1,,1,0,48,1,Research & Development,1000,3,married,3,0,1,Laboratory Technician
308,2,22,5,2,6409,09-18-2010,2,80,1,Medical,Travel Rarely,N,16,67,2,3,1053,FALSE,F,Y,3,2,1,Good performer,5,0,31,3,Saless,19407,3,S,2,2,4,Sales Representative
309,,21,0,11,2547,09/12/12,4,80,1,Human Resources,Frequently,N,8,31,3,3,178,0,m,Y,4,2,1,Exceeded expectations,3,2,41,3,R&D,11736,3,S,1,2,2,Research Scientist
310,2,15,2,2,6891,02/04/16,2,80,1,,travel_rarely,No,18,46,0,3,445,N,F,Y,4,0,1,Average,2,3,35.0 years,4,Research&Development,8494,3,married,4,0,3,Laboratory Technician
311,16,20,1,5,21907,05/07/04,3,80,1,Life Sciences,Rarely,N,7,65,2,3,708,no,male,Y,2,3,1,Top performer,3,1,35,2,Saless,10907,4,divorced,4,1,3,Sales Representative
312,9,19,1,1,25426,03/11/17,4,80,1,Technical Degree,Travel Rarely,NO,1,31,1,4,1372,No,FEMALE,Y,2,2,1,Flight risk,3,0,nan,3,Research & Development,11245,3,married,3,1,4,Research Scientist
313,1,23,1,1,11721,05/11/22,4,80,1,Technical Degree,travel_frequently,NO,2,63,1,4,738,N,FEMALE,Y,3,5,1,Recently promoted,3,3,nan,3,Saless,10104,,M,2,1,2,Sales Executive
314,22,16,2,10,23989,21/01/07,3,80,1,Medical,travel_rarely,NO,1,56,3,3,1147,No,female,Y,2,2,0,Average,1,0,44,3,Research & Development,5924,3,Single,2,3,3,Research Scientist
315,8,12,1,0,16436,03/06/16,2,80,1,Medical,Travel_Frequently,No,19,66,0,3,1324,Yes,male,Y,4,3,0,Meets expectations,1,2,48,3,Sale,3039,4,married,4,0,3,Sales Executive
316,10,11,2,3,18490,09-19-2008,4,80,1,,travel_rarely,No,11 km,51,0,3,230,No,Female,Y,2,3,0,Transferred from other dept,3,0,37.0 years,2,Research&Development,11279,2,S,2,0,3,Manufacturing Director
317,3,22,4,3,21368,30/12/11,4,80,1,Medical,Travel_Rarely,Yes,9,97,3,3,455,no,FEMALE,Y,2,4,2,Exceeded expectations,2,1,43.0 years,,Research&Development,$8842.0,4,M,1,3,4,Manufacturing Director
318,20,21,5,0,7468,02-20-2004,3,80,1,,Travel_Rarely,N,2,43,0,3,1043,Yes,Male,Y,2,2,0,Remote worker,5,1,34,4,Research&Development,16701,3,married,3,0,2,Research Director
319,7,11,2,7,24236,23/03/13,1,80,1,Life Sciences,Frequently,yes,1,52,1,3,249,TRUE,F,Y,1,6,2,Excellent team player,3,1,39,2,Research and Development,11556,3,Divorsed,2,2,4,Laboratory Technician
320,5,17,0,0,16923,09/02/18,4,80,1,Life Sciences,Rarely,no,11,73,0,3,1427,FALSE,male,Y,3,5,0,Key talent,5,3,35,3,SALES,15512,4,MARRIED,4,0,4,Sales Executive
321,7,24,4,7,3250,05-26-2012,2,80,1,Medical,Travel_Rarely,N,5,94,1,3,149,0,Female,Y,2,5,0,Remote worker,1,3,37,4,R&D,3551,4,S,3,5,3,Research Director
322,12,22,3,2,25123,04/03/09,4,80,1,Medical,Travel Rarely,No,2,90,2,3,563,NO,male,Y,2,4,0,Average,4,2,42,4,SALES,nan,,SINGLE,4,0,4,Sales Representative
323,11,12,1,0,15264,04/06/15,3,80,1,Marketing,Travel_Rarely,No,7,84,0,3,1363,N,Female,Y,4,4,0,Meets expectations,1,0,29,4,R&D,6017,1,DIVORCED,4,0,3,Laboratory Technician
324,4,17,2,0,24516,03/12/17,3,80,1,Other,Travel Rarely,N,1,79,0,3,554,FALSE,M,Y,1,3,0,Exceeded expectations,5,0,55,4,Research and Development,14187,2,Married,4,0,2,Manufacturing Director
325,4,11,2,4,3611,26/08/07,2,80,1,,travel_rarely,NO,3,41,4,3,1406,N,M,Y,2,4,1,,1,1,nan,,research & development,5783,,M,4,0,3,Research Director
326,8,14,3,8,9928,08-14-2015,3,80,1,Life Sciences,travel_rarely,NO,5,44,1,3,434,FALSE,m,Y,2,3,7,Key talent,2,3,nan,4,R&D,$7185.0,4,Single,3,1,3,Manufacturing Director
327,25,20,3,5,3790,02/05/18,4,80,1,Marketing,travel_rarely,N,1,46,2,3,1475,no,MALE,Y,1,3,0,Transferred from other dept,3,1,47,1,Research and Development,10710,4,married,1,3,3,Laboratory Technician
328,13,23,4,13,25601,07-16-2014,3,80,1,Medical,Travel_Frequently,N,29,63,12,3,767,yes,m,Y,3,3,3,Good performer,2,3,44,2,research & development,5990,2,Single,3,1,3,Manufacturing Director
329,4,21,2,4,2867,25/10/19,4,80,1,Life Sciences,Travel Frequently,NO,1 km,64,4,4,426,no,MALE,Y,2,6,3,Meets expectations,2,3,42,4,SALES,$6722.0,1,divorced,2,0,4,Sales Executive
330,4,14,2,0,21153,12-25-2015,3,80,1,Medical,Travel_Rarely,NO,1,68,0,3,1115,FALSE,M,Y,3,1,0,Transferred from other dept,5,1,42,4,Sales,18449,4,MARRIED,3,0,3,Sales Executive
331,7,15,7,5,14445,27/08/12,1,80,1,Marketing,travel_rarely,yes,1,84,3,3,435,YES,Male,Y,3,4,4,New hire,2,2,36,4,Research & Development,nan,3,D,3,0,1,Laboratory Technician
332,20,24,1,1,2327,29/04/14,3,80,1,Marketing,Rarely,no,11,88,0,3,765,0,male,Y,3,2,1,Recently promoted,2,3,28,2,research & development,7425,3,Single,2,1,3,Research Scientist
333,0,24,5,0,5816,10-22-2007,3,80,1,Medical,travel_rarely,no,4 km,34,0,3,1094,Y,F,Y,4,2,0,Top performer,1,2,37,4,Research&Development,4825,4,M,1,0,4,Research Scientist
334,12,20,0,0,5148,30/08/05,3,80,1,Life Sciences,travel_frequently,No,6,59,0,3,180,Y,M,Y,2,1,0,Key talent,3,1,30,4,Research&Development,nan,2,MARRIED,2,0,4,Research Scientist
335,3,11,3,1,17070,08-30-2009,3,80,1,Other,Rarely,NO,1,33,1,3,186,no,Female,Y,3,2,0,Good performer,2,2,45,,Research & Development,8660,1,SINGLE,4,0,3,Manufacturing Director
336,2,17,0,2,25160,24/01/17,1,80,1,Medical,No Travel,Yes,1,44,0,3,357,yes,F,Y,4,6,0,Transferred from other dept,2,0,35,4,Research & Development,7887,,DIVORCED,4,2,4,Healthcare Representative
337,0,21,1,0,13573,11-27-2016,3,80,1,Life Sciences,travel_rarely,N,4 km,64,0,3,1090,1,F,Y,4,2,0,Key talent,1,1,29,1,Saless,6639,1,DIVORCED,4,0,2,Manager
338,22,12,1,5,12566,07/09/09,3,80,1,Life Sciences,Travel Rarely,No,13,84,5,3,284,FALSE,Male,Y,3,3,0,Top performer,2,0,34,2,sales,9455,1,Divorsed,2,1,3,Sales Executive
339,24,22,5,12,20939,20/07/07,4,80,1,Marketing,Rarely,No,17,95,8,3,797,No,F,Y,2,1,2,New hire,1,0,40,4,Research&Development,5620,2,MARRIED,2,1,4,Laboratory Technician
340,0,21,2,0,15157,26/10/21,3,80,1,Life Sciences,Rarely,N,1 km,89,0,3,222,0,MALE,Y,1,5,0,Meets expectations,1,2,31,4,Research and Development,5081,2,SINGLE,1,0,4,Research Director
341,7,23,1,7,11322,19/08/22,3,80,1,Life Sciences,Frequently,No,6,53,1,3,1219,yes,MALE,Y,2,4,4,Recently promoted,2,1,29,4,R&D,8985,2,Single,3,0,3,Research Scientist
342,1,21,0,1,22720,05/07/17,4,80,1,Medical,Travel_Frequently,No,19,51,0,3,704,TRUE,MALE,Y,4,2,0,Exceeded expectations,1,0,39,4,SALES,5471,4,D,3,1,4,Sales Representative
343,14,23,2,0,4482,11/12/12,4,80,1,Life Sciences,Travel Rarely,no,3,73,0,3,614,N,FEMALE,Y,3,2,0,,1,0,39,2,Research & Development,nan,,Single,4,0,1,Manufacturing Director
344,10,12,1,7,5099,09/06/23,3,80,1,Medical,Travel_Rarely,Y,14,61,7,3,1003,0,M,Y,3,2,2,On PIP,3,3,32,3,R&D,$12349.0,2,MARRIED,4,1,4,Research Scientist
345,3,18,2,1,13512,30/05/14,1,80,1,Life Sciences,Rarely,N,1,80,1,4,1494,No,male,Y,3,2,0,Excellent team player,1,2,32,1,SALES,3472,4,married,2,1,3,Sales Representative
346,1,19,0,1,15675,13/07/07,4,80,1,Medical,travel_rarely,N,21,32,1,3,404,FALSE,FEMALE,Y,3,2,1,Recently promoted,1,0,39,3,Research and Development,3371,1,married,4,1,2,Healthcare Representative
347,17,16,4,0,11748,02/10/12,2,80,1,Life Sciences,Travel_Rarely,N,11,99,0,3,1480,NO,FEMALE,Y,2,6,0,High potential,1,3,23,3,R&D,3948,1,DIVORCED,4,0,2,Research Scientist
348,11,21,2,3,13735,09-27-2008,4,80,1,Life Sciences,travel_rarely,NO,22,61,1,3,1271,NO,M,Y,4,4,1,Flight risk,2,0,24,3,research & development,9464,3,SINGLE,4,2,3,Research Scientist
349,0,11,,0,24170,07/04/08,3,80,1,Life Sciences,Travel_Rarely,NO,9,31,0,3,1408,Y,m,Y,4,2,0,Meets expectations,3,1,30,4,Research&Development,8635,4,MARRIED,2,0,2,Research Scientist
350,9,11,,2,15850,11/08/23,3,80,1,Human Resources,Travel Frequently,N,3,88,2,3,756,Yes,F,Y,3,6,0,Key talent,3,1,35,3,Research and Development,nan,4,S,4,0,3,Research Scientist
351,,24,1,0,8732,04/10/05,3,80,1,,travel_rarely,YES,22,43,0,3,361,0,Male,Y,3,0,0,Excellent team player,1,3,39,2,Research&Development,5543,1,M,3,0,2,Laboratory Technician
352,8,21,3,8,9985,26/11/07,1,80,1,Life Sciences,Travel_Rarely,Yes,2,80,2,4,590,no,MALE,Y,3,2,1,On PIP,1,2,50,2,Research&Development,6743,2,Single,2,2,2,Laboratory Technician
353,5,17,2,5,14700,12/08/11,3,80,1,Marketing,Rarely,no,3,40,0,3,837,yes,Male,Y,1,3,5,Transferred from other dept,1,0,44,,Research & Development,5270,4,M,4,3,3,Research Scientist
354,8,18,1,3,8054,06/11/18,3,80,1,Medical,Frequently,no,9,39,3,4,1154,No,FEMALE,Y,2,0,0,Meets expectations,2,1,35,3,Saless,5985,2,Divorsed,2,3,3,Manager
355,9,13,2,1,18952,02/02/09,4,80,1,Other,Travel Frequently,No,11,87,1,3,801,1,f,Y,2,2,0,,4,0,36.0 years,,Research and Development,12560,4,DIVORCED,4,0,3,Laboratory Technician
356,10,19,3,0,3654,06-15-2005,3,80,1,Life Sciences,Travel Frequently,no,21,63,0,3,986,No,female,Y,3,2,0,Key talent,1,1,27,3,Research & Development,nan,1,S,4,0,4,Research Scientist
357,34,14,1,10,13428,28/01/12,4,80,1,Medical,Travel_Rarely,No,1,82,4,3,1391,0,f,Y,2,3,0,Needs improvement,1,1,36,4,sales,nan,3,married,3,2,4,Sales Executive
358,1,14,1,0,25516,21/12/22,2,80,1,Life Sciences,Frequently,Yes,12,57,0,3,111,NO,M,Y,2,5,0,Meets expectations,1,0,34,2,SALES,4725,3,divorced,2,0,4,Sales Executive
359,9,13,3,0,13311,21/02/20,1,80,1,Life Sciences,travel_rarely,no,10,47,0,4,1314,1,M,Y,4,3,0,Average,2,1,39,3,Sales,6251,3,SINGLE,3,0,3,Sales Executive
360,2,18,2,2,5733,02-21-2004,3,80,1,Human Resources,Travel_Rarely,No,1,55,1,4,190,0,Male,Y,4,3,2,Remote worker,3,0,nan,4,Research & Development,13205,4,S,2,2,4,Research Scientist
361,2,19,5,2,21613,15/11/18,3,80,1,Medical,Non-Travel,no,3,36,2,3,699,no,Male,Y,1,3,2,Exceeded expectations,2,1,41,2,Research&Development,6012,1,S,2,1,2,Research Scientist
362,11,11,2,3,8811,09/09/15,3,80,1,Life Sciences,None,Y,2,74,1,3,400,N,M,Y,2,2,3,,4,2,50,3,sales,16019,3,Married,3,3,2,Sales Representative
363,24,12,3,0,10342,25/05/12,3,80,1,Life Sciences,Travel Rarely,no,2,74,0,4,1234,FALSE,F,Y,4,4,0,On PIP,2,0,36,3,SALES,$9777.0,3,Single,1,0,3,Manager
364,1,11,0,1,12464,11/10/22,4,80,1,,travel_rarely,no,29,64,1,4,179,TRUE,F,Y,4,3,0,Needs improvement,1,3,40.0 years,1,Research and Development,6347,1,divorced,4,1,4,Research Scientist
365,32,24,2,5,17746,02/06/15,1,80,1,Medical,Travel Rarely,N,8,81,1,3,935,yes,FEMALE,Y,3,2,3,,1,0,43,4,Saless,3959,1,MARRIED,2,4,2,Sales Executive
366,3,14,1,3,14543,19/05/21,2,80,1,Life Sciences,Travel_Frequently,yes,10,50,1,3,751,NO,m,Y,3,1,3,Remote worker,3,1,33,1,R&D,11513,2,married,4,3,1,Laboratory Technician
367,4,20,3,1,12300,09/09/08,4,80,1,Human Resources,Travel_Frequently,No,29,57,1,3,532,Yes,FEMALE,Y,1,6,1,Good performer,2,1,nan,1,human resources,6083,2,SINGLE,1,1,2,Human Resources
368,1,17,4,1,3795,10-30-2011,1,80,1,Life Sciences,Rarely,NO,3,73,1,3,516,no,female,Y,4,0,1,Average,2,0,37,2,sales,9366,4,MARRIED,3,1,4,Sales Executive
369,9,24,3,3,18192,05/09/04,3,80,1,Life Sciences,Travel Frequently,N,12,85,3,3,1337,Yes,MALE,Y,4,5,0,Flight risk,3,0,37,3,SALES,10889,3,MARRIED,4,2,3,Manager
370,9,17,3,3,24923,18/03/17,4,80,1,Technical Degree,Travel_Rarely,no,4,39,0,3,117,no,F,Y,3,2,3,Meets expectations,2,3,30,2,Saless,7386,3,MARRIED,2,1,2,Sales Representative
371,5,22,0,3,15708,25/12/17,2,80,1,Life Sciences,Non Travel,Y,16,52,3,3,1177,TRUE,MALE,Y,4,3,0,Meets expectations,4,1,37,3,Sale,12164,4,M,4,0,3,Sales Executive
372,6,16,1,1,18383,15/05/07,2,80,1,Life Sciences,Non Travel,N,1,77,1,3,845,N,Male,Y,1,2,0,,2,0,41,1,Research and Development,4283,4,MARRIED,4,0,3,Laboratory Technician
373,9,23,1,1,10540,03/02/15,3,80,1,Medical,Travel_Rarely,No,23,81,1,3,339,N,M,Y,2,4,0,Key talent,3,0,50,,Research & Development,9442,3,D,3,0,3,Research Director
374,8,21,1,0,18328,01-30-2017,2,80,1,Marketing,Travel Rarely,No,1,44,0,3,945,no,m,Y,3,3,0,,1,2,45,1,Research & Development,$6669.0,2,DIVORCED,3,0,2,Manufacturing Director
375,4,15,4,2,8214,01/07/09,3,80,1,Life Sciences,Rarely,no,3,84,1,3,517,no,MALE,Y,2,1,0,Top performer,3,0,56,2,research & development,10395,2,M,4,1,4,Research Scientist
376,21,21,2,3,26972,02-15-2023,2,80,1,Human Resources,Rarely,yes,11,72,3,3,955,FALSE,F,Y,4,2,1,Meets expectations,4,2,30,4,SALES,13746,1,S,3,0,3,Sales Executive
377,11,14,0,6,8145,01-24-2010,2,80,1,Marketing,travel_frequently,N,4,79,4,3,698,Yes,Female,Y,4,2,0,,2,0,44,3,Research & Development,$8983.0,4,single,3,3,4,Laboratory Technician
378,2,22,4,0,4609,18/08/22,3,80,1,Life Sciences,travel_rarely,N,7,35,0,3,1246,No,Female,Y,4,4,0,Excellent team player,3,1,38,2,Research & Development,13708,4,single,4,0,1,Research Scientist
379,3,23,2,3,26721,11/02/10,4,80,1,Medical,travel_rarely,N,4,62,0,4,519,FALSE,FEMALE,Y,2,4,2,Recently promoted,3,0,56,,Research and Development,12987,,Married,2,3,3,Manufacturing Director
380,15,24,2,1,20610,24/03/17,4,80,1,Life Sciences,No Travel,No,10 km,91,1,3,315,YES,M,Y,4,4,0,Remote worker,1,2,29.0 years,4,sales,3541,3,married,2,1,3,Sales Representative
381,1,18,,1,26839,21/10/23,4,80,1,Life Sciences,travel_rarely,N,2,84,0,4,808,NO,f,Y,2,1,0,Excellent team player,2,1,29,4,Research and Development,5086,3,married,3,0,3,Manufacturing Director
382,13,17,3,0,15622,19/09/07,3,80,1,Marketing,travel_rarely,no,1,68,0,3,650,no,male,Y,2,3,0,Transferred from other dept,1,1,31,4,R&D,8539,3,DIVORCED,1,0,1,Research Director
383,4,21,2,4,24314,20/12/15,2,80,1,Human Resources,Travel Rarely,no,2,41,1,3,1065,N,Male,Y,3,6,1,On PIP,5,0,18,1,research & development,$20403.0,2,Divorced,3,4,4,Research Scientist
384,8,21,2,6,25226,04/04/14,3,80,1,Life Sciences,travel_frequently,YES,5,60,1,3,1351,NO,male,Y,1,4,0,Good performer,3,1,32,1,Saless,nan,,divorced,3,0,2,Sales Representative
385,3,20,1,3,12298,07/01/22,3,80,1,Medical,Frequently,Y,1,82,1,3,1360,NO,m,Y,4,1,3,High potential,1,0,30,4,research & development,3094,4,single,3,2,3,Manufacturing Director
386,40,11,2,2,5080,21/06/20,4,80,1,Medical,Travel_Rarely,Yes,3,63,1,3,1453,0,MALE,Y,3,3,2,,1,0,38,2,Saless,6444,3,M,2,1,4,Sales Executive
387,23,16,3,1,2987,27/12/12,1,80,1,Life Sciences,Frequently,YES,4 km,70,0,3,932,Y,Male,Y,3,3,1,Recently promoted,2,2,40,3,Research & Development,7838,1,Single,4,1,3,Manufacturing Director
388,26,24,5,6,19744,30/08/06,3,80,1,Life Sciences,None,No,1,39,0,3,779,Yes,male,Y,4,3,1,High potential,1,2,53,2,Research & Development,4830,2,Single,2,2,4,Research Scientist
389,2,12,5,2,25434,06/11/18,3,80,1,Life Sciences,Travel_Frequently,No,7,81,0,3,586,No,Female,Y,3,1,0,Flight risk,1,0,45,2,Sales,6341,2,Single,4,2,3,Sales Representative
390,,14,1,13,9546,11/07/15,2,80,1,Medical,Rarely,Y,17,86,1,3,722,FALSE,male,Y,3,0,3,Top performer,2,3,31,1,R&D,8501,4,M,3,1,3,Laboratory Technician
391,7,15,1,1,17233,04-25-2014,3,80,1,Medical,Travel_Rarely,N,1,32,0,3,318,No,M,Y,3,5,1,Recently promoted,2,3,28.0 years,3,Research&Development,6221,4,Married,4,1,4,Research Scientist
392,12,18,0,6,3726,11-21-2011,3,80,1,Life Sciences,Rarely,Y,7 km,86,1,3,820,1,M,Y,3,2,0,Needs improvement,1,1,41,4,Research & Development,4512,3,Divorced,1,2,2,Manufacturing Director
393,2,16,2,0,18149,06-25-2021,1,80,1,Marketing,Travel Frequently,NO,8,62,0,3,480,yes,FEMALE,Y,3,2,0,Remote worker,3,1,25.0 years,1,Research and Development,11991,4,S,3,0,3,Laboratory Technician
394,12,21,1,3,16268,03-14-2009,4,80,1,Marketing,Travel Rarely,No,4,36,0,3,186,no,m,Y,4,4,1,Meets expectations,4,3,53,2,Research&Development,nan,4,Married,4,2,4,Research Scientist
395,,12,2,0,15977,16/04/20,3,80,1,Medical,travel_rarely,Y,9,33,0,3,914,No,Male,Y,4,3,0,High potential,3,1,47.0 years,4,Research&Development,11393,4,Married,4,0,3,Research Scientist
396,3,15,1,3,2907,01/03/07,4,80,1,Life Sciences,Travel Rarely,N,4,68,3,4,510,N,m,Y,3,5,0,,3,1,32,3,R&D,12400,,SINGLE,4,0,3,Laboratory Technician
397,2,15,0,2,21208,11/12/15,3,80,1,Medical,Travel_Frequently,N,5,77,2,4,790,0,male,Y,3,1,0,Meets expectations,1,1,21,4,research & development,4457,3,married,2,1,3,Laboratory Technician
398,,16,4,0,15764,06/01/08,3,80,1,Life Sciences,travel_rarely,N,1,45,0,3,1112,No,MALE,Y,4,3,0,On PIP,1,0,49,,sales,5268,3,Single,4,0,4,Sales Representative
399,,11,2,1,26409,02/09/19,4,80,1,Life Sciences,Frequently,no,9,67,1,3,624,Yes,M,Y,3,1,1,Remote worker,1,2,35,1,Sales,$1000.0,3,M,3,1,4,Manager
400,7,18,1,2,10390,02/12/20,4,80,1,Marketing,Travel Rarely,No,8,33,2,4,546,no,M,Y,4,0,0,Transferred from other dept,3,1,48,3,Research and Development,10325,4,MARRIED,3,2,3,Laboratory Technician
401,17,13,2,1,4455,27/03/07,2,80,1,Life Sciences,travel_rarely,Yes,1,33,0,4,399,FALSE,MALE,Y,3,1,1,Good performer,4,1,22,4,Research and Development,15145,2,single,2,1,3,Manufacturing Director
402,3,15,1,0,7208,19/03/23,1,80,1,Life Sciences,Travel Rarely,N,3,56,0,3,507,Y,Male,Y,4,3,0,Exceeded expectations,3,0,31.0 years,3,Research & Development,10414,4,single,3,0,4,Laboratory Technician
403,9,17,1,1,9774,06-16-2019,2,80,1,Life Sciences,travel_rarely,NO,29,46,1,3,474,0,f,Y,4,3,0,Recently promoted,4,0,37,1,Research and Development,13300,3,MARRIED,3,1,1,Manufacturing Director
404,6,13,2,6,16556,12-31-2008,3,80,1,,Travel_Rarely,No,4,99,6,3,332,0,male,Y,4,2,1,Remote worker,2,0,37,2,R&D,$6437.0,2,D,3,1,2,Research Scientist
405,3,24,3,2,17428,03/04/21,3,80,1,Life Sciences,Non-Travel,NO,5,83,1,3,737,NO,m,Y,3,0,2,Exceeded expectations,2,0,32,4,R&D,$9505.0,3,married,4,0,4,Laboratory Technician
406,7,20,1,1,5365,01/08/11,3,80,1,Other,Rarely,Y,19,37,1,3,749,N,M,Y,3,3,0,Average,2,2,42,4,Research & Development,8822,2,married,2,0,4,Laboratory Technician
407,1,23,2,1,23663,08-18-2008,3,80,1,Life Sciences,travel_rarely,N,10 km,82,1,3,1060,yes,FEMALE,Y,4,-3,0,,1,0,27.0 years,3,Research and Development,6238,1,married,4,1,4,Research Scientist
408,10,16,3,0,7951,08-19-2016,3,80,1,Life Sciences,Travel_Rarely,No,6,34,0,3,1172,FALSE,M,Y,1,1,0,,1,0,35,2,Research&Development,2410,4,Divorced,4,0,3,Manufacturing Director
409,1,15,1,1,17175,06/02/06,3,80,1,Life Sciences,Rarely,Y,12,98,1,3,285,TRUE,M,Y,3,3,1,New hire,3,1,38,3,Sale,10759,4,Divorced,3,0,1,Sales Representative
410,13,17,1,3,13027,08-30-2012,3,80,1,Human Resources,travel_rarely,NO,15 km,76,3,3,1328,NO,female,Y,4,2,1,High potential,2,1,41,2,Research&Development,7579,2,MARRIED,2,1,3,Laboratory Technician
411,1,20,0,1,11505,04-13-2007,3,80,1,Medical,Frequently,Y,4,69,1,3,177,no,Male,Y,3,3,0,On PIP,2,0,43,2,R&D,7579,4,MARRIED,1,1,2,Laboratory Technician
412,,21,2,2,12094,14/03/15,3,80,1,Life Sciences,Travel_Rarely,Y,5,36,1,4,293,Yes,Male,Y,2,3,1,Exceeded expectations,2,0,26.0 years,3,sales,$7075.0,1,D,2,0,2,Sales Representative
413,17,13,0,6,25081,07/02/21,3,80,1,Technical Degree,Rarely,No,3,41,1,3,1226,YES,male,Y,3,2,1,,1,3,23,4,R&D,4480,2,M,4,2,4,Manufacturing Director
414,4,23,2,0,14167,02/02/21,4,80,1,Life Sciences,travel_rarely,yes,27 km,54,0,3,1499,no,FEMALE,Y,2,4,0,Flight risk,2,0,48,2,R&D,9274,1,MARRIED,2,0,1,Research Scientist
415,5,24,0,5,10769,14/09/12,3,80,1,Life Sciences,Travel Rarely,YES,9,57,0,3,386,No,m,Y,4,3,0,New hire,2,2,39,4,research & development,5130,1,S,2,2,4,Research Scientist
416,3,12,2,2,25060,27/07/08,4,80,1,Life Sciences,Travel_Rarely,no,1,72,0,3,349,yes,FEMALE,Y,4,0,1,,2,0,30,2,Research & Development,10665,2,divorced,1,2,3,Manufacturing Director
417,14,14,2,3,3020,09-15-2008,3,80,1,Life Sciences,travel_rarely,N,15,76,2,3,1324,FALSE,f,Y,4,3,1,Average,3,1,50,3,R&D,11725,4,Divorsed,2,3,3,Laboratory Technician
418,4,13,7,0,13845,04-14-2014,3,80,1,Life Sciences,non-travel,YES,5,78,0,3,635,N,Male,Y,2,3,0,Meets expectations,2,0,38,4,SALES,7936,4,single,2,0,1,Sales Executive
419,14,14,2,14,5844,19/05/07,4,80,1,Medical,Rarely,N,1,83,0,4,399,no,M,Y,3,3,2,Top performer,2,2,47,2,research & development,9360,4,M,1,3,3,Research Scientist
420,0,17,3,0,5573,24/02/13,3,80,1,Life Sciences,Travel_Frequently,no,6,47,0,3,1206,Y,M,Y,2,4,0,Flight risk,4,0,37,2,R&D,11822,3,M,4,0,1,Healthcare Representative
421,1,15,3,0,12485,08/01/13,4,80,1,Medical,Travel Rarely,no,4,56,0,3,908,no,MALE,Y,1,5,0,,4,0,55,1,SALES,13002,4,SINGLE,2,0,5,Sales Representative
422,4,14,1,0,7442,20/04/14,4,80,1,Life Sciences,Travel Rarely,NO,16,35,0,3,557,No,male,Y,3,6,0,On PIP,4,0,nan,4,sales,13818,3,DIVORCED,1,0,4,Manager
423,1,24,,1,9914,07/01/20,1,80,1,Life Sciences,Rarely,N,1 km,98,0,3,790,N,f,Y,3,3,1,High potential,1,2,34,3,Research & Development,7048,3,S,4,1,3,Manufacturing Director
424,9,16,1,1,24442,24/09/19,4,80,1,Life Sciences,Travel_Rarely,yes,14,51,1,3,1421,1,F,Y,2,3,1,,1,2,45,1,Sale,4930,4,single,3,0,2,Manager
425,0,17,1,0,9951,21/09/06,2,80,1,Human Resources,Travel Rarely,NO,6,88,0,3,1487,N,FEMALE,Y,2,0,0,Meets expectations,1,0,42,,Research & Development,5675,4,Married,1,0,5,Research Scientist
426,19,22,1,19,10802,01/04/18,1,80,1,Life Sciences,Travel_Rarely,Y,1,76,1,3,817,No,male,Y,2,4,0,Good performer,1,0,49,3,research & development,$4115.0,1,M,1,2,3,Manufacturing Director
427,14,24,1,5,10520,16/05/18,4,80,1,Medical,Rarely,N,28,97,4,3,139,N,Female,Y,4,0,2,,4,2,28,1,R&D,14730,2,SINGLE,1,5,2,Research Scientist
428,2,21,5,2,2546,18/04/14,3,80,1,Life Sciences,Travel_Rarely,YES,5,61,2,3,1463,no,female,Y,2,3,2,Remote worker,2,2,43,3,R&D,10515,2,MARRIED,3,2,3,Manufacturing Director
429,6,15,3,2,26914,01-28-2008,4,80,1,Life Sciences,Travel_Rarely,N,2,30,0,3,207,yes,Female,Y,3,1,0,High potential,1,1,46,3,Sale,6493,3,M,1,2,5,Sales Executive
430,6,22,0,6,17530,08/10/21,3,80,1,Life Sciences,Travel_Frequently,no,5,83,6,3,1439,1,MALE,Y,1,2,2,On PIP,1,3,21,2,Research and Development,4877,3,SINGLE,3,2,1,Research Scientist
431,12,17,1,3,21565,26/08/12,3,80,1,Life Sciences,Rarely,no,15,75,3,3,1237,N,female,Y,3,1,3,Meets expectations,1,0,26,3,Research and Development,6013,3,single,4,3,2,Healthcare Representative
432,5,13,0,1,10998,09/09/19,1,80,1,Life Sciences,Rarely,NO,2,70,0,3,1290,no,MALE,Y,3,1,1,Excellent team player,2,0,18,2,R&D,8866,1,MARRIED,2,1,5,Healthcare Representative
433,0,17,2,0,13465,29/08/10,3,80,1,Life Sciences,Rarely,No,1,70,0,3,360,N,Male,Y,3,1,0,Good performer,3,0,34,4,R&D,11759,3,Single,3,0,2,Research Scientist
434,3,22,2,2,22371,01/08/20,2,80,1,Marketing,Travel Rarely,N,1,37,2,3,1347,NO,M,Y,3,2,0,Exceeded expectations,4,1,43,1,Research & Development,15667,3,Divorced,4,2,2,Laboratory Technician
435,6,13,1,6,17616,14/12/20,1,80,1,Life Sciences,travel_rarely,no,2,61,6,3,1385,yes,F,Y,1,2,0,Flight risk,4,0,50,1,R&D,15656,3,Divorsed,4,1,3,Laboratory Technician
436,36,24,3,3,21717,10/11/17,3,80,1,Medical,Travel_Rarely,no,12,59,0,3,1374,N,Female,Y,2,3,1,Flight risk,1,0,37,4,Sale,4809,4,divorced,4,3,4,Sales Executive
437,21,16,2,8,21124,22/08/20,4,80,1,Life Sciences,travel_rarely,no,5,75,3,4,625,FALSE,m,Y,4,2,5,Recently promoted,1,0,51,,Research and Development,29810,3,SINGLE,3,4,3,Healthcare Representative
438,2,18,2,2,14717,03/02/10,3,80,1,Medical,Travel_Frequently,yes,2,81,0,3,809,no,m,Y,4,3,1,Top performer,1,1,24,2,Research and Development,4425,1,DIVORCED,3,0,5,Research Scientist
439,12,23,1,3,17425,14/07/04,2,80,1,Medical,Non-Travel,Y,1,90,3,3,225,FALSE,M,Y,3,4,3,,2,0,21,4,Research & Development,6615,2,M,3,0,3,Research Director
440,27,16,1,3,6901,14/10/14,2,80,1,Life Sciences,Travel_Frequently,No,3,42,3,3,1329,NO,M,Y,2,3,2,Recently promoted,4,0,36,4,Research and Development,13595,,Married,4,3,1,Research Scientist
441,0,20,0,0,13842,20/03/08,2,80,1,Life Sciences,None,N,22,69,0,4,1263,YES,male,Y,2,0,0,Needs improvement,2,3,40,2,Research and Development,7885,2,S,3,0,5,Manufacturing Director
442,12,21,4,0,7708,24/09/18,2,80,1,Marketing,Travel Frequently,N,3,90,0,3,1185,no,male,Y,3,2,0,Top performer,3,0,36,10,Saless,8507,2,S,4,0,3,Sales Representative
443,6,13,2,6,4082,13/05/14,3,80,1,Technical Degree,Rarely,NO,29,73,6,3,1406,NO,F,Y,4,2,0,High potential,2,0,18,3,Human Resourses,9290,4,MARRIED,4,1,2,Human Resources
444,11,22,,11,23036,26/06/12,3,80,1,Life Sciences,Travel_Rarely,no,5 km,91,1,3,153,no,m,Y,3,5,0,Excellent team player,1,1,36,4,Research&Development,1000,2,Married,4,1,3,Research Scientist
445,9,15,1,1,22970,05/10/22,2,80,1,Life Sciences,travel_frequently,no,1,73,1,3,445,No,male,Y,1,1,0,New hire,1,2,25,4,Research and Development,9072,4,S,3,1,3,Healthcare Representative
446,40,19,4,12,11795,18/11/17,1,80,1,Technical Degree,Travel_Rarely,Yes,17,77,0,3,235,FALSE,Male,Y,3,3,0,Key talent,2,1,43,4,Sales,$10252.0,2,MARRIED,3,1,1,Sales Representative
447,3,18,2,1,14541,01-18-2016,4,80,1,Life Sciences,Travel_Rarely,No,4,88,1,3,429,0,female,Y,4,0,0,New hire,3,0,40,4,Research & Development,nan,1,single,2,1,1,Research Scientist
448,15,16,4,3,2260,19/05/18,4,80,1,Medical,Travel Rarely,NO,9,86,3,3,1267,No,female,Y,3,2,1,Good performer,1,2,28.0 years,4,Research and Development,5014,,Married,3,0,3,Laboratory Technician
449,2,19,0,2,22180,08/11/22,2,80,1,Life Sciences,Travel_Rarely,NO,29,40,1,3,1405,YES,female,Y,4,4,1,Flight risk,3,1,32,2,R&D,11454,,MARRIED,3,2,4,Research Scientist
450,5,12,3,0,15567,28/11/23,3,80,1,Life Sciences,Rarely,YES,1,54,0,3,235,yes,MALE,Y,3,2,0,Average,3,0,27,4,Saless,10116,,divorced,1,0,3,Sales Executive
451,37,23,4,0,7982,20/03/07,3,80,1,Medical,Travel Rarely,no,1,90,0,4,912,Yes,Male,Y,2,2,0,Exceeded expectations,2,1,36,3,Research and Development,8288,3,D,3,0,5,Laboratory Technician
452,14,21,3,2,2500,09/07/17,3,80,1,Medical,Travel Rarely,no,10,75,2,3,951,N,M,Y,2,5,1,Remote worker,3,1,45,4,Sales,10784,1,M,4,2,2,Sales Executive
453,3,19,6,0,3015,26/04/10,4,80,1,Life Sciences,Travel Rarely,No,2,83,0,4,970,Y,f,Y,2,1,0,Exceeded expectations,2,1,28,4,Sales,7858,4,M,4,0,2,Sales Representative
454,9,20,1,0,12525,10/10/19,3,80,1,Medical,Non-Travel,No,1,63,0,3,991,N,f,Y,3,3,0,New hire,3,3,41,3,Research&Development,11272,4,married,4,0,2,Manufacturing Director
455,0,23,3,0,26489,25/11/12,3,80,1,Marketing,Travel Rarely,NO,1,36,0,3,734,yes,F,Y,3,2,0,Transferred from other dept,3,1,32,1,Sale,9029,3,divorced,2,0,2,Manager
456,3,20,1,0,26048,03/02/17,4,80,1,Medical,Travel Frequently,N,1,91,0,3,768,NO,FEMALE,Y,3,5,0,Average,5,2,29,4,SALES,$17059.0,,M,2,0,2,Sales Representative
457,12,16,2,0,5963,30/11/08,3,80,1,Life Sciences,Frequently,No,11,86,0,3,1393,no,f,Y,2,4,0,Flight risk,1,1,nan,1,Research and Development,5245,2,S,3,0,4,Research Director
458,,19,2,4,23702,07-18-2011,4,80,1,Medical,travel_rarely,yes,1,34,4,3,1140,NO,male,Y,4,1,0,Excellent team player,2,0,27,3,research & development,$8193.0,1,single,2,1,4,Laboratory Technician
459,6,22,0,6,13866,30/12/20,3,80,1,Medical,Frequently,Yes,5,64,3,3,368,0,f,Y,2,5,0,On PIP,1,1,32,3,Research&Development,4676,4,MARRIED,4,3,5,Laboratory Technician
460,11,14,4,1,14247,04-18-2007,4,80,1,Marketing,Rarely,no,7,66,1,3,960,no,Male,Y,2,2,1,Recently promoted,1,0,26,1,Research&Development,6706,4,Married,1,1,2,Research Director
461,5,15,1,0,4706,04/04/07,4,80,1,Medical,travel_frequently,N,4,89,0,3,581,FALSE,Male,Y,1,1,0,Flight risk,3,0,54,4,Research & Development,10469,3,D,3,0,4,Laboratory Technician
462,0,12,,0,17272,22/01/12,3,80,1,,travel_rarely,NO,1,94,0,3,1342,0,M,Y,2,3,0,Average,4,2,37,2,research & development,14340,2,single,2,0,3,Research Scientist
463,5,13,0,0,24519,30/07/18,1,80,1,Medical,No Travel,NO,12,45,0,3,1442,no,MALE,Y,4,3,0,High potential,2,1,30,4,Research&Development,9945,2,MARRIED,3,0,2,Manufacturing Director
464,23,11,3,6,24165,18/03/19,4,80,1,Medical,Frequently,NO,1,59,6,3,1361,0,MALE,Y,2,3,2,Average,1,0,38,4,,nan,4,DIVORCED,4,4,4,Manager
465,19,14,3,0,4099,12-18-2021,4,80,1,Life Sciences,Travel_Rarely,Yes,11,71,0,4,384,0,m,Y,2,3,0,Recently promoted,1,0,35.0 years,3,R&D,$5321.0,2,Divorsed,4,0,3,Manufacturing Director
466,5,22,2,1,8386,29/12/20,3,80,1,Medical,Frequently,NO,17,90,1,4,1160,no,MALE,Y,3,3,0,On PIP,2,0,35,4,Research and Development,7855,4,MARRIED,4,1,2,Laboratory Technician
467,0,12,1,0,7338,03/06/10,2,80,1,Life Sciences,travel_rarely,no,4 km,77,0,4,202,No,MALE,Y,3,5,0,,1,2,42,3,Research & Development,6856,3,M,3,0,3,Manufacturing Director
468,,22,0,1,20949,10/06/10,4,80,1,Medical,Travel Rarely,No,6,91,1,3,891,N,m,Y,2,4,1,Transferred from other dept,1,0,43,3,research & development,4613,,single,4,1,2,Research Director
469,,12,2,8,10300,03/02/04,3,80,1,Life Sciences,Travel Frequently,No,5,93,2,3,338,0,Male,Y,2,3,2,,3,1,32,3,Research & Development,12925,2,Divorced,3,1,4,Research Scientist
470,,11,2,0,23400,25/08/19,3,80,1,Medical,Non Travel,N,3,86,0,3,840,N,male,Y,2,2,0,Average,1,1,31,4,Research&Development,$4844.0,1,single,4,0,3,Manufacturing Director
471,6,20,5,6,26641,12/03/13,4,80,1,Technical Degree,Travel Rarely,N,17,97,3,3,744,no,M,Y,4,4,4,Meets expectations,2,1,34,3,Research&Development,6710,3,divorced,4,2,5,Research Scientist
472,40,22,4,1,21465,03-29-2022,3,80,1,Marketing,Non-Travel,No,17,75,0,3,1248,0,Female,Y,3,3,0,Flight risk,3,0,18,4,sales,12019,4,MARRIED,2,0,1,Sales Representative
473,8,12,3,8,6297,14/01/10,4,80,1,Technical Degree,Travel_Rarely,No,3,57,8,3,981,N,FEMALE,Y,4,6,1,High potential,1,0,23,3,SALES,4542,2,Married,4,2,3,Sales Representative
474,4,14,0,1,24297,26/08/07,3,80,1,Other,travel_rarely,No,7,32,1,4,706,N,FEMALE,Y,2,1,0,Good performer,2,2,49,2,research & development,8930,3,S,3,1,3,Research Scientist
475,9,16,4,1,21332,07/11/06,4,80,1,Life Sciences,Travel Rarely,No,20,66,1,3,287,NO,f,Y,3,3,1,Key talent,3,2,51,1,Sales,6905,4,M,3,0,3,Sales Executive
476,1,23,0,1,10405,03/10/07,3,80,1,Medical,Frequently,Yes,26,77,1,4,987,Yes,M,Y,4,6,0,Flight risk,3,1,34,2,SALES,nan,3,MARRIED,3,1,3,Sales Representative
477,2,22,1,0,24595,19/01/21,4,80,1,Medical,Travel Rarely,no,5,48,0,3,1379,FALSE,female,Y,2,3,0,Excellent team player,2,1,42,4,Research&Development,$7310.0,3,S,4,0,4,Research Scientist
478,25,17,2,8,17094,07-29-2011,3,80,1,Technical Degree,Rarely,No,4,46,2,3,1086,N,m,Y,3,3,4,On PIP,1,0,39,,human resources,$3405.0,3,married,4,0,4,Human Resources
479,2,17,2,2,17201,03-31-2004,3,80,1,Life Sciences,Frequently,no,2,69,2,3,1023,FALSE,m,Y,3,6,1,On PIP,3,0,60,4,Sales,10170,4,DIVORCED,4,2,5,Sales Representative
480,,17,1,3,14614,12/10/04,2,80,1,Other,Travel_Frequently,NO,25,79,1,3,893,no,female,Y,3,3,3,High potential,3,2,47,4,Research and Development,10139,2,Married,2,1,4,Research Scientist
481,,14,3,0,15361,02-17-2016,3,80,1,Medical,Travel Rarely,no,1,58,0,3,629,no,male,Y,3,3,0,Meets expectations,1,2,35,1,Research&Development,4928,4,married,2,0,4,Laboratory Technician
482,22,22,2,5,3040,11/11/13,3,80,1,Marketing,travel_rarely,YES,6,80,1,3,775,NO,FEMALE,Y,3,0,1,Good performer,1,1,28,2,Research and Development,2949,3,Single,4,0,3,Research Director
483,15,15,,4,14810,04-15-2021,4,80,1,Life Sciences,Travel Rarely,N,2,71,4,3,491,N,f,Y,4,3,4,,1,1,22,2,research & development,5474,3,Married,2,0,4,Research Scientist
484,0,24,4,0,9988,27/05/22,3,80,1,Life Sciences,Travel Rarely,N,2,58,0,4,1376,1,Female,Y,4,2,0,Excellent team player,1,0,38,2,SALES,7049,,single,2,0,3,Sales Executive
485,11,21,6,1,25857,03/04/12,4,80,1,Marketing,non-travel,Yes,4,95,1,3,771,yes,Female,Y,3,1,1,Needs improvement,2,0,nan,1,research & development,8421,3,Married,2,1,3,Laboratory Technician
486,7,22,6,7,9559,08-14-2012,4,80,1,Life Sciences,travel_rarely,yes,29,46,1,4,960,0,m,Y,2,3,6,On PIP,1,1,24,2,SALES,$6213.0,1,DIVORCED,2,2,3,Sales Representative
487,6,13,1,6,19371,05/03/20,2,80,1,Marketing,Travel Rarely,NO,1,60,2,3,1299,no,male,Y,4,0,2,,1,3,31,4,Saless,nan,3,MARRIED,3,0,3,Manager
488,11,11,3,10,21579,04-17-2008,2,80,1,Life Sciences,non-travel,NO,6,81,5,3,565,0,M,Y,2,5,0,Top performer,3,0,27,3,R&D,12854,1,single,2,5,2,Healthcare Representative
489,2,24,3,2,23483,04/06/17,2,80,1,,Frequently,no,1,68,2,3,938,Yes,male,Y,1,3,0,Remote worker,1,0,52,3,sales,7805,4,M,4,2,5,Sales Representative
490,39,18,4,2,2503,22/03/11,2,80,1,Life Sciences,Travel_Rarely,No,1,89,2,3,1087,N,female,Y,3,3,0,Meets expectations,3,0,44,3,research & development,10251,4,Married,4,0,3,Research Scientist
491,10,20,1,0,7344,11/05/08,3,80,1,Medical,travel_rarely,yes,4,80,0,3,1412,No,F,Y,3,2,0,,3,0,36,2,research & development,9922,4,married,4,0,1,Research Scientist
492,4,21,3,4,10947,26/08/05,3,80,1,,Non Travel,Y,5,45,2,4,1173,No,female,Y,4,2,4,Exceeded expectations,1,1,50,3,R&D,6175,3,Divorced,3,0,3,Laboratory Technician
493,9,17,2,9,11533,24/07/08,3,80,1,Life Sciences,Rarely,Y,2,43,2,3,103,N,M,Y,4,2,1,,3,3,37,1,Research&Development,12062,4,divorced,3,0,1,Research Scientist
494,2,24,3,0,16808,05-27-2012,3,80,1,Life Sciences,Travel_Rarely,No,3,71,0,3,951,FALSE,m,Y,4,2,0,Recently promoted,3,2,29.0 years,4,Research&Development,12163,4,Married,3,0,2,Manufacturing Director
495,10,19,6,2,10148,17/03/20,3,80,1,Life Sciences,travel_rarely,no,1,80,0,3,1346,0,M,Y,4,4,2,Key talent,2,2,50,2,SALES,10833,2,M,2,2,2,Sales Representative
496,,24,1,0,16155,30/06/12,2,80,1,Medical,Travel_Rarely,N,2,53,0,3,1385,No,Male,Y,3,4,0,Transferred from other dept,1,1,41,4,Sale,25085,3,single,1,0,3,Sales Executive
497,4,20,1,0,24394,10/06/06,2,80,1,Medical,Travel Rarely,YES,27 km,72,0,3,634,Y,F,Y,2,4,0,Transferred from other dept,2,1,27,4,Research&Development,8639,3,SINGLE,4,0,3,Healthcare Representative
498,,14,1,1,17193,20/04/10,3,80,1,Marketing,travel_rarely,YES,23 km,48,0,3,1002,0,male,Y,3,3,1,Transferred from other dept,4,3,35.0 years,,Sales,12529,1,M,2,1,4,Sales Executive
499,16,22,2,16,3381,17/10/19,2,80,1,Medical,Rarely,no,3,90,6,3,1499,N,m,Y,3,3,4,Meets expectations,2,0,29,4,SALES,11202,4,MARRIED,1,1,4,Sales Executive
500,2,22,7,2,23986,04/02/11,3,80,1,Medical,None,No,6,92,0,4,1184,Y,M,Y,3,3,2,New hire,1,3,24,2,Research and Development,nan,2,M,3,2,3,Manufacturing Director
501,7,15,2,7,9012,17/04/08,2,80,1,Life Sciences,Non-Travel,NO,19,55,1,3,1479,TRUE,female,Y,3,2,2,Exceeded expectations,3,2,45,1,R&D,10537,3,MARRIED,4,3,3,Laboratory Technician
502,7,15,2,0,17213,10/03/06,3,80,1,,Rarely,NO,1,64,0,3,745,Yes,F,Y,4,3,0,,2,0,54,2,Sale,7479,4,S,4,0,3,Sales Executive
503,5,23,3,1,17212,08-14-2012,3,80,1,Life Sciences,Rarely,N,13,96,1,3,123,N,m,Y,2,1,1,,2,1,24,4,Research&Development,7032,2,Married,4,1,4,Research Scientist
504,2,17,1,2,15808,22/02/12,3,80,1,Other,travel_rarely,NO,23,85,2,3,1416,Y,m,Y,2,3,0,,3,0,42,1,Research&Development,9905,2,SINGLE,2,1,1,Laboratory Technician
505,,23,2,3,12711,19/10/04,2,80,1,Technical Degree,Travel_Rarely,no,1,69,2,3,656,no,Male,Y,3,2,1,Excellent team player,2,0,31.0 years,2,Research and Development,7214,1,Single,4,2,1,Manufacturing Director
506,2,19,1,1,22110,13/01/08,2,80,1,Life Sciences,Frequently,yes,1,58,1,3,790,Yes,m,Y,4,3,0,Flight risk,3,0,32,3,Sale,8951,3,divorced,4,1,4,Manager
507,24,18,2,10,17173,01/04/21,3,80,1,Medical,Travel Rarely,Y,25,35,2,3,455,0,female,Y,1,2,0,High potential,3,2,31,4,research & development,nan,1,Single,2,0,3,Laboratory Technician
508,7,17,2,7,20271,24/11/22,4,80,1,Technical Degree,travel_rarely,no,6 km,81,4,3,969,No,f,Y,4,1,1,Average,2,2,29,2,research & development,10923,4,MARRIED,4,0,2,Laboratory Technician
509,20,24,2,1,11515,17/05/17,2,80,1,Medical,Frequently,no,1,30,0,3,1040,FALSE,m,Y,4,3,1,On PIP,1,0,37,3,R&D,$6103.0,3,S,3,1,2,Manufacturing Director
510,3,11,2,0,22193,08/06/20,2,80,1,Life Sciences,Rarely,Y,2,81,0,3,674,FALSE,male,Y,2,2,0,Remote worker,3,0,29,2,H.R.,12388,3,Divorced,1,0,5,Manager
511,16,22,1,0,13939,09/09/17,2,80,1,Life Sciences,Rarely,Y,4,53,0,3,128,Y,female,Y,4,2,0,Top performer,4,1,39,1,research & development,15765,2,M,2,0,4,Research Scientist
512,1,20,1,1,4131,11/08/17,3,80,1,Medical,travel_frequently,Y,9,63,1,3,456,yes,m,Y,1,2,1,Meets expectations,1,0,36,4,R&D,7751,2,single,3,1,4,Laboratory Technician
513,14,23,3,0,4424,06/10/22,4,80,1,Human Resources,travel_rarely,Y,10,36,0,4,464,yes,f,Y,3,2,0,Average,2,1,34,3,Sales,nan,4,married,3,0,3,Sales Representative
514,4,16,2,3,13576,05/03/18,1,80,1,Medical,Travel_Rarely,NO,29,40,2,3,707,NO,M,Y,3,4,3,Recently promoted,1,1,28,4,Research and Development,3155,2,MARRIED,4,3,3,Laboratory Technician
515,6,20,5,3,23823,18/03/19,3,80,1,Life Sciences,non-travel,No,2,65,3,3,508,YES,m,Y,4,3,2,Remote worker,3,1,31,4,H.R.,9794,4,D,2,1,5,Human Resources
516,1,19,2,1,23858,21/11/23,3,80,1,Life Sciences,Frequently,N,6,49,1,3,1389,no,Male,Y,3,4,0,New hire,3,0,43,1,Saless,10295,2,Single,3,1,5,Sales Representative
517,0,23,2,0,11200,24/09/09,4,80,1,Marketing,Rarely,yes,6 km,92,0,3,1414,FALSE,Male,Y,3,1,0,High potential,1,1,41,3,SALES,4549,3,Divorced,2,0,2,Sales Executive
518,10,17,2,4,19701,23/08/15,3,80,1,Technical Degree,Travel Rarely,No,4,92,2,3,666,No,Female,Y,3,2,1,Good performer,4,0,28.0 years,4,Research & Development,13329,3,divorced,3,0,4,Laboratory Technician
519,,11,1,6,25031,02/05/08,1,80,1,Medical,travel_rarely,No,1,98,1,3,1276,No,Male,Y,3,3,0,New hire,1,0,37,2,R&D,5328,3,D,4,3,2,Laboratory Technician
520,9,19,2,4,5216,12-30-2017,3,80,1,Medical,Rarely,No,29,59,0,3,318,Y,m,Y,3,2,0,Top performer,3,0,43,3,SALES,11052,4,M,3,1,2,Sales Representative
521,2,13,1,2,14826,10/05/14,4,80,1,Life Sciences,Travel Frequently,YES,15,59,2,3,272,TRUE,M,Y,4,1,2,New hire,2,0,21,4,HR,6915,3,married,3,1,3,Human Resources
522,2,24,3,2,2016,22/04/17,4,80,1,Marketing,Travel_Rarely,NO,5,51,0,3,707,NO,male,Y,2,3,2,Remote worker,1,2,41,2,R&D,$1736.0,4,Married,4,1,3,Research Scientist
523,17,19,2,11,6670,20/08/22,3,80,1,Marketing,Travel_Rarely,N,7,90,1,3,1135,no,m,Y,3,3,0,Flight risk,1,1,31,4,sales,nan,2,married,2,1,5,Sales Executive
524,14,14,1,1,4623,09/08/23,2,80,1,Life Sciences,Travel_Rarely,no,2,50,1,3,1485,FALSE,MALE,Y,1,2,0,Flight risk,1,1,42,4,Research & Development,4176,2,M,4,1,1,Healthcare Representative
525,4,19,0,4,15350,01/01/19,3,80,1,Medical,None,N,6,66,1,3,957,Y,f,Y,4,2,0,Transferred from other dept,3,1,30,3,Research & Development,nan,1,Married,3,0,3,Research Scientist
526,10,23,2,3,18513,24/08/17,4,80,1,Life Sciences,Rarely,No,9,56,3,4,756,0,Male,Y,1,3,0,New hire,2,0,20,2,,6305,3,married,4,3,4,Laboratory Technician
527,17,18,3,17,16450,27/07/23,3,80,1,Life Sciences,Travel_Frequently,Y,5,64,1,3,1068,FALSE,MALE,Y,1,1,2,High potential,1,0,22,4,sales,4263,3,M,4,6,4,Sales Executive
528,21,17,0,1,3473,06-14-2004,3,80,1,Life Sciences,Travel Rarely,Yes,29,67,1,3,1205,0,f,Y,4,5,0,Good performer,1,2,37,1,research & development,3303,3,D,3,1,2,Manufacturing Director
529,0,14,1,0,11260,01/06/06,1,80,1,Life Sciences,Travel_Rarely,yes,7,89,0,3,1463,Yes,M,Y,3,5,0,Flight risk,1,0,39,3,Research&Development,4811,4,SINGLE,4,0,3,Laboratory Technician
530,16,19,0,4,6311,09-18-2007,1,80,1,Life Sciences,travel_frequently,Yes,3,99,0,4,540,Y,F,Y,3,4,3,Top performer,3,1,28,4,Human Resources,9390,4,DIVORCED,4,0,3,Human Resources
531,4,14,1,1,21279,05/09/15,3,80,1,Medical,Rarely,YES,11,61,1,3,716,Y,MALE,Y,4,2,1,New hire,3,0,42,2,research & development,$9726.0,4,married,1,0,2,Laboratory Technician
532,12,11,2,5,4736,02-23-2018,2,80,1,Medical,Rarely,N,1,56,4,4,325,no,female,Y,3,0,2,,1,3,22,4,research & development,3036,2,Divorced,3,0,5,Healthcare Representative
533,,16,5,4,23482,10/09/09,3,80,1,Medical,travel_rarely,N,3 km,32,1,4,470,FALSE,FEMALE,Y,2,5,0,Flight risk,2,3,36,3,Research&Development,7769,2,Married,4,4,4,Laboratory Technician
534,9,14,1,9,3946,04-19-2019,3,80,1,Life Sciences,Frequently,NO,3,78,3,3,127,N,F,Y,2,2,1,Good performer,1,0,26,3,R&D,3700,3,MARRIED,2,1,2,Manufacturing Director
535,10,20,3,1,23943,21/12/18,2,80,1,Life Sciences,travel_frequently,YES,4,59,1,3,1107,yes,FEMALE,Y,3,2,1,Exceeded expectations,4,1,31,3,Sale,15360,2,D,3,1,2,Sales Representative
536,5,13,0,0,17740,07/05/19,4,80,1,Medical,Travel_Frequently,YES,12,51,0,3,1094,NO,Male,Y,2,2,0,,4,0,37,4,Sale,14608,2,SINGLE,2,0,1,Manager
537,7,22,3,4,18684,10-21-2005,2,80,1,Life Sciences,Travel_Rarely,No,5 km,48,0,3,115,FALSE,Female,Y,3,2,0,Recently promoted,3,1,29,4,research & development,10895,2,divorced,2,1,4,Research Scientist
538,12,15,1,4,11176,19/01/15,3,80,1,Life Sciences,Frequently,NO,12,60,0,3,1400,Y,male,Y,2,3,0,New hire,4,0,33.0 years,3,sales,12803,4,MARRIED,4,0,2,Manager
539,6,13,2,5,13883,09-21-2018,2,80,1,Technical Degree,Rarely,no,6,49,5,4,432,FALSE,MALE,Y,3,5,0,Average,3,0,46,3,R&D,11570,4,Married,4,0,3,Research Scientist
540,0,21,1,0,6501,10/03/14,2,80,1,Marketing,Travel_Rarely,Y,3,48,0,3,582,FALSE,MALE,Y,2,4,0,,3,0,31,2,,12036,4,single,3,0,3,Laboratory Technician
541,0,19,3,0,13618,05/03/13,4,80,1,Technical Degree,travel_rarely,Y,13,31,0,4,665,No,MALE,Y,3,3,0,Good performer,2,3,44,,Research & Development,8214,4,Married,4,0,3,Healthcare Representative
542,10,22,2,0,26736,07/11/19,3,80,1,Medical,Travel_Frequently,no,2,69,0,3,1411,FALSE,MALE,Y,2,2,0,Average,1,2,26,1,Research & Development,7405,3,married,4,0,1,Research Scientist
543,18,16,,7,7914,08-17-2005,2,80,1,Life Sciences,travel_rarely,N,2,68,2,3,213,No,male,Y,2,3,2,Needs improvement,1,0,41,4,research & development,5689,2,S,2,0,2,Research Scientist
544,15,13,1,0,24055,07/09/19,1,80,1,Medical,Travel Rarely,YES,5,83,0,4,137,N,M,Y,4,2,0,Average,1,1,49,4,R&D,6370,4,SINGLE,3,0,5,Research Scientist
545,3,15,2,0,26601,24/07/07,4,80,1,Life Sciences,Travel_Rarely,N,2,56,0,3,553,FALSE,f,Y,2,1,0,Meets expectations,2,0,18,4,R&D,8200,1,Single,4,0,4,Laboratory Technician
546,6,18,2,6,2082,05/08/17,3,80,1,Medical,travel_frequently,no,1,41,2,3,841,NO,female,Y,4,1,1,Transferred from other dept,1,0,29,3,Research&Development,6013,1,divorced,1,0,4,Laboratory Technician
547,2,24,2,2,10364,04/07/20,3,80,1,Life Sciences,travel_rarely,YES,8,46,2,3,265,0,M,Y,3,3,0,Needs improvement,1,2,42,4,research & development,3804,1,DIVORCED,3,2,1,Manufacturing Director
548,40,18,1,5,19382,02/08/05,1,80,1,Marketing,travel_rarely,No,5,39,1,3,793,No,M,Y,2,0,2,Average,2,0,35,4,Research & Development,7312,1,Married,2,5,3,Healthcare Representative
549,3,16,1,2,7804,15/04/10,4,80,1,Life Sciences,None,Yes,4,48,0,3,304,YES,M,Y,4,6,1,Average,1,1,40,3,Saless,5524,4,M,1,2,3,Sales Representative
550,5,15,1,0,25321,13/09/20,2,80,1,Technical Degree,Frequently,NO,27 km,59,0,3,977,Y,MALE,Y,3,6,0,Needs improvement,2,0,31,4,R&D,8513,4,married,4,0,2,Research Scientist
551,11,15,1,2,21525,02/06/18,3,80,1,Technical Degree,Travel Rarely,N,6,59,2,4,344,NO,male,Y,3,1,2,Good performer,4,0,37,1,Research & Development,14761,2,Married,4,2,4,Research Director
552,20,11,3,4,21266,06-14-2009,3,80,1,Medical,No Travel,no,15,54,1,3,1456,FALSE,M,Y,2,2,4,Meets expectations,3,1,35,1,Sale,12650,1,Divorced,2,3,3,Sales Executive
553,0,12,1,0,14293,09/02/21,4,80,1,Marketing,travel_rarely,YES,1,95,0,3,1042,0,m,Y,3,4,0,Top performer,3,3,nan,1,sales,8862,2,Divorsed,4,0,1,Sales Executive
554,3,22,2,3,25746,11/03/20,3,80,1,Medical,Rarely,no,6,64,3,3,920,0,f,Y,3,5,1,Meets expectations,2,2,39,1,research & development,nan,3,M,2,3,4,Research Scientist
555,8,21,0,7,14812,18/10/05,3,80,1,Marketing,travel_frequently,No,16,80,3,3,606,1,Male,Y,2,4,0,High potential,2,0,40,3,Research&Development,$8344.0,2,Divorsed,3,5,5,Laboratory Technician
556,9,14,2,3,5084,07/09/21,3,80,1,Medical,Rarely,NO,6,56,3,3,1023,no,M,Y,3,2,3,Meets expectations,1,2,33,4,Saless,3913,,single,4,3,1,Sales Executive
557,0,16,1,0,4045,16/06/23,3,80,1,Marketing,Frequently,NO,10,39,0,3,1244,FALSE,male,Y,3,1,0,Recently promoted,4,3,32,4,Research&Development,19066,1,DIVORCED,3,0,3,Research Scientist
558,10,21,3,9,18588,08-13-2023,4,80,1,Medical,No Travel,no,3,72,0,4,1382,No,MALE,Y,1,2,0,Needs improvement,1,0,33,4,SALES,$5773.0,4,Single,4,1,3,Sales Executive
559,7,17,1,7,15184,06-19-2009,4,80,1,Human Resources,non-travel,No,1,84,5,4,509,0,Male,Y,4,2,1,New hire,1,0,40,3,Sale,4882,1,married,3,3,3,Sales Executive
560,17,11,4,5,16375,15/12/20,2,80,1,Medical,travel_rarely,No,4,35,0,3,409,NO,F,Y,1,2,0,Good performer,3,0,33,3,Research&Development,10226,3,married,3,0,2,Laboratory Technician
561,2,18,2,1,23668,17/01/22,3,80,1,Medical,None,YES,4 km,35,1,3,167,FALSE,MALE,Y,2,4,0,On PIP,1,0,39,2,H.R.,$4279.0,2,M,4,1,3,Human Resources
562,2,22,,2,3552,06/11/09,4,80,1,Marketing,Rarely,yes,16,77,2,4,213,No,male,Y,4,2,0,High potential,2,1,nan,3,research & development,8045,3,Single,1,2,5,Manufacturing Director
563,15,11,6,6,9816,02-23-2006,3,80,1,Marketing,Travel_Rarely,NO,2,31,2,3,319,0,female,Y,1,4,0,On PIP,1,0,44,4,Research&Development,5167,1,Divorsed,3,5,3,Research Scientist
564,12,19,3,1,2824,01/03/06,3,80,1,Medical,Travel Frequently,Y,27,80,1,3,319,FALSE,Female,Y,4,2,0,Excellent team player,1,0,34,3,Sale,$4314.0,4,SINGLE,4,1,1,Sales Executive
565,15,14,1,6,5748,05-30-2007,1,80,1,Life Sciences,Non Travel,No,25,90,0,3,829,NO,Female,Y,3,2,4,Remote worker,1,0,47,3,R&D,4590,1,Married,4,4,3,Research Director
566,15,22,0,3,7578,10-17-2004,2,80,1,Medical,Travel_Rarely,No,2,48,0,4,848,No,M,Y,3,2,3,Recently promoted,1,1,33.0 years,4,Sale,7016,3,Single,3,1,3,Sales Executive
567,1,17,2,0,24296,20/05/19,2,80,1,Human Resources,None,NO,3,31,0,3,1042,No,FEMALE,Y,3,2,0,Needs improvement,3,1,nan,2,Human Resourses,13076,1,SINGLE,4,0,4,Manager
568,3,21,2,3,25774,18/11/06,3,80,1,Marketing,Non Travel,NO,18,80,3,4,485,N,m,Y,2,4,1,Top performer,3,1,27,3,SALES,11378,,married,3,3,3,Sales Executive
569,3,24,2,0,7197,12-15-2013,4,80,1,Marketing,non-travel,NO,27,55,0,4,1421,NO,MALE,Y,3,2,0,Needs improvement,2,0,20.0 years,4,R&D,5988,1,Married,2,0,2,Research Director
570,27,16,2,0,11030,09/01/17,4,80,1,Life Sciences,Rarely,No,4,99,0,3,1029,Y,male,Y,4,4,0,,4,1,33,4,Research and Development,$14807.0,4,single,4,0,2,Research Scientist
571,6,23,2,6,23079,15/06/20,2,80,1,Medical,Travel_Frequently,Yes,3,49,5,4,1376,1,male,Y,1,5,0,Recently promoted,1,0,37,1,Research&Development,7331,1,S,4,2,4,Laboratory Technician
572,1,19,2,1,25152,24/09/11,3,80,1,Medical,Travel Rarely,No,5,52,0,3,504,No,M,Y,3,4,1,Average,1,3,52,3,research & development,7054,2,married,3,1,2,Manufacturing Director
573,3,24,0,3,22067,05/11/09,4,80,1,Marketing,Rarely,N,9,83,3,3,591,NO,m,Y,3,3,0,Flight risk,1,0,39,,R&D,6101,2,MARRIED,4,1,4,Laboratory Technician
574,20,12,0,1,20345,06/12/23,3,80,1,Life Sciences,non-travel,NO,2,44,1,3,456,NO,F,Y,2,3,1,Good performer,2,0,nan,2,SALES,10133,3,Divorsed,4,0,2,Sales Executive
575,18,21,3,3,2937,12/08/21,3,80,1,Technical Degree,Travel_Rarely,No,10,35,1,3,314,no,female,Y,4,2,1,,2,0,44,3,Sale,8080,1,SINGLE,3,0,3,Sales Representative
576,23,17,4,0,9595,14/08/21,3,80,1,Medical,Rarely,Y,1,64,0,3,851,TRUE,female,Y,3,3,0,,2,0,18,3,Research & Development,nan,4,M,4,0,3,Manufacturing Director
577,,21,3,4,2424,27/02/05,3,80,1,Life Sciences,travel_rarely,NO,1,37,4,3,926,0,MALE,Y,2,5,3,High potential,3,0,39,4,Research and Development,9978,3,single,4,4,5,Research Scientist
578,10,15,1,8,13502,11-23-2023,2,80,1,Life Sciences,travel_rarely,no,3 km,86,0,3,1337,FALSE,f,Y,3,1,2,New hire,2,1,43,1,sales,8438,3,Single,3,3,5,Sales Executive
579,3,23,1,3,5051,20/05/23,3,80,1,Life Sciences,Rarely,no,3,79,0,3,1221,No,MALE,Y,3,4,3,,2,2,23,4,Research and Development,9994,2,M,3,0,2,Laboratory Technician
580,1,17,2,0,4905,11/04/15,3,80,1,Medical,Non-Travel,NO,3,78,0,3,627,1,FEMALE,Y,2,4,0,Good performer,4,0,47.0 years,3,Research and Development,13115,3,MARRIED,4,0,3,Research Scientist
581,0,11,0,0,14238,22/03/09,3,80,1,Life Sciences,non-travel,YES,5,50,0,3,1015,FALSE,M,Y,4,6,0,Transferred from other dept,1,1,40,4,SALES,3707,2,single,3,0,2,Sales Representative
582,2,21,1,2,4694,16/03/04,3,80,1,Life Sciences,Travel Rarely,YES,3,65,0,3,765,yes,FEMALE,Y,1,2,2,Remote worker,2,1,33,3,Saless,8146,2,SINGLE,2,2,3,Sales Executive
583,9,21,9,0,5595,07/08/08,4,80,1,Marketing,Travel_Rarely,no,1,98,0,3,809,no,Male,Y,3,2,0,Needs improvement,3,0,42,4,Research & Development,10660,2,Single,3,0,3,Laboratory Technician
584,23,20,3,0,3267,06-19-2005,1,80,1,Life Sciences,travel_rarely,Y,2,87,0,3,634,NO,Female,Y,3,2,0,Excellent team player,2,0,57,4,sales,8973,4,D,1,0,4,Sales Executive
585,,19,2,1,2421,21/11/12,3,80,1,,Rarely,yes,29,92,1,3,653,no,FEMALE,Y,3,4,1,Flight risk,1,0,38,3,R&D,4320,1,D,4,1,5,Laboratory Technician
586,25,11,1,7,21650,13/06/21,3,80,1,Medical,None,No,4,45,2,3,427,0,m,Y,2,1,0,,2,2,39,4,HR,10577,2,SINGLE,2,1,3,Human Resources
587,4,24,2,2,9017,07/08/17,3,80,1,Medical,Travel_Rarely,NO,4,35,1,3,1001,No,MALE,Y,4,2,2,On PIP,2,2,32,3,research & development,6065,3,S,1,2,3,Research Scientist
588,5,15,0,0,11849,10/02/10,4,80,1,Marketing,travel_rarely,no,6,81,0,3,1288,FALSE,female,Y,4,2,0,Average,2,0,29,2,R&D,9880,2,divorced,4,0,4,Research Scientist
589,4,24,,3,20484,11/01/15,3,80,1,Medical,travel_frequently,NO,29,31,3,3,1239,N,male,Y,3,2,1,Excellent team player,1,0,44,2,sales,3852,3,Divorsed,4,1,4,Manager
590,5,18,2,2,25513,01/07/22,3,80,1,Marketing,Travel_Rarely,N,2,47,0,3,249,FALSE,f,Y,2,2,0,High potential,4,2,29,3,Research & Development,11306,3,married,3,2,1,Research Scientist
591,3,11,5,3,18349,12/05/10,3,80,1,Medical,Travel_Rarely,No,9,64,2,3,1155,1,M,Y,4,3,3,Top performer,3,1,37.0 years,4,Sale,nan,2,SINGLE,2,2,3,Sales Representative
592,11,17,0,2,26479,22/04/14,2,80,1,Life Sciences,Travel_Frequently,no,10,68,0,3,756,FALSE,Male,Y,4,5,1,Needs improvement,2,2,32,1,Sale,7618,2,SINGLE,4,0,3,Sales Executive
593,14,12,5,4,14131,21/06/10,4,80,1,Life Sciences,Travel Rarely,N,7,30,1,3,905,yes,Male,Y,4,2,0,Average,3,0,41,3,SALES,9335,2,M,4,1,2,Sales Executive
594,17,17,6,6,10876,20/05/14,2,80,1,Medical,Travel Frequently,N,1,66,2,3,392,FALSE,M,Y,3,4,2,Flight risk,4,3,40.0 years,3,H.R.,11477,3,MARRIED,3,0,2,Human Resources
595,4,17,2,4,4226,14/12/08,3,80,1,Life Sciences,Travel Rarely,Yes,9,50,4,3,1018,no,FEMALE,Y,2,3,2,,1,2,nan,3,research & development,4987,4,single,3,0,1,Laboratory Technician
596,14,19,3,5,6388,11-27-2009,1,80,1,Marketing,Frequently,No,1,30,2,4,788,NO,m,Y,2,1,0,Remote worker,1,0,32,4,,6463,2,Married,2,0,3,Manager
597,10,16,1,1,4422,02/09/16,4,80,1,Medical,Travel Rarely,Yes,7,33,0,3,1056,NO,MALE,Y,2,4,1,High potential,2,1,34,1,research & development,8877,,single,3,0,2,Research Director
598,31,14,4,2,9226,11/03/17,4,80,1,Life Sciences,Travel Rarely,Y,10,87,0,3,1300,NO,M,Y,2,1,2,Good performer,3,0,28,4,Research & Development,11085,,D,3,0,1,Manufacturing Director
599,5,17,3,0,11269,29/01/09,1,80,1,Life Sciences,Travel Rarely,yes,1,30,0,3,1184,0,m,Y,4,3,0,Exceeded expectations,1,0,33,4,sales,nan,,SINGLE,4,0,2,Sales Representative
600,40,17,0,3,14177,12-19-2017,3,80,1,Life Sciences,travel_rarely,N,14,42,2,3,515,FALSE,Female,Y,3,3,0,Average,5,1,40,2,research & development,16959,4,SINGLE,3,0,4,Laboratory Technician
601,13,14,4,13,14032,12-19-2007,4,80,1,Medical,Travel Rarely,no,1,75,3,4,697,N,Female,Y,2,3,0,New hire,2,0,43,4,research & development,5855,1,MARRIED,4,1,4,Laboratory Technician
602,14,12,2,5,13508,24/03/06,3,80,1,Medical,Travel_Rarely,Y,14,76,1,3,106,NO,MALE,Y,3,2,0,Recently promoted,2,1,28,3,Research&Development,5868,2,M,2,1,3,Research Director
603,0,23,3,0,9316,08/02/20,4,80,1,Medical,Travel Rarely,No,4 km,36,0,3,1017,Yes,female,Y,2,3,0,,1,0,44.0 years,3,Research & Development,4695,4,Divorced,1,0,3,Laboratory Technician
604,6,21,1,1,4843,19/08/20,2,80,1,Life Sciences,Frequently,YES,1,80,1,3,184,Yes,F,Y,3,4,0,Top performer,1,1,49,,H.R.,$4759.0,3,M,1,1,5,Human Resources
605,7,19,3,0,6111,28/02/15,2,80,1,Medical,Rarely,N,1,32,0,3,873,NO,M,Y,3,3,0,Excellent team player,3,0,40,4,research & development,12276,1,single,3,0,2,Research Scientist
606,0,24,0,0,14463,01-18-2006,3,80,1,Technical Degree,Travel Rarely,Y,24,79,0,3,1056,NO,FEMALE,Y,2,4,0,Top performer,5,2,53,4,research & development,18135,2,Married,2,0,2,Research Scientist
607,3,18,2,3,24043,03/10/13,4,80,1,Life Sciences,Travel_Rarely,NO,1,55,0,3,1170,Y,M,Y,2,3,0,Excellent team player,2,0,30,4,Sales,8907,2,SINGLE,4,2,2,Manager
608,31,15,1,2,15778,19/05/21,4,80,1,Medical,Non-Travel,N,1,60,1,3,1464,N,Male,Y,3,2,0,Recently promoted,5,0,25,4,Research and Development,16579,4,Divorsed,4,2,2,Research Scientist
609,5,24,3,1,20287,15/08/07,4,80,1,Other,travel_rarely,Y,3,91,1,3,705,0,FEMALE,Y,3,2,0,Excellent team player,3,1,20,1,Research and Development,8929,3,married,4,1,3,Laboratory Technician
610,2,15,2,0,6224,22/11/21,3,80,1,Life Sciences,Travel_Rarely,N,7,55,0,3,525,0,Male,Y,3,3,0,High potential,2,0,50.0 years,3,research & development,$8618.0,3,MARRIED,4,0,4,Research Scientist
611,7,11,3,5,6979,22/01/21,3,80,1,Medical,travel_rarely,N,6,96,1,3,525,No,f,Y,4,4,1,Excellent team player,3,0,42,4,research & development,11787,2,Single,2,2,3,Healthcare Representative
612,0,21,3,0,23747,14/04/15,3,80,1,Life Sciences,travel_rarely,Y,1,84,0,3,835,N,f,Y,3,1,0,High potential,2,0,36,4,Research&Development,4417,,M,4,0,3,Research Scientist
613,7,19,1,7,18809,01/11/12,3,80,1,Medical,Travel_Rarely,yes,2,57,1,3,890,FALSE,male,Y,3,2,0,,2,3,39,3,Saless,6748,1,divorced,4,7,5,Sales Representative
614,9,21,5,1,4401,05-14-2008,4,80,1,Life Sciences,Travel_Frequently,no,2 km,73,1,3,614,0,F,Y,4,0,1,Good performer,1,0,26,4,Research&Development,3963,3,Divorsed,2,0,1,Research Scientist
615,4,24,,4,10941,06/04/10,2,80,1,Human Resources,travel_frequently,no,1,67,0,3,1252,FALSE,m,Y,2,3,0,High potential,3,2,59,2,sales,11177,2,S,4,3,2,Sales Representative
616,14,20,1,4,17685,10/06/16,1,80,1,Medical,Rarely,N,4,59,3,3,1372,0,M,Y,2,3,4,Good performer,1,1,38,3,Sale,3794,1,single,2,0,3,Sales Representative
617,1,21,1,1,17963,04/02/09,2,80,1,Marketing,Travel Rarely,Y,9,95,0,3,840,NO,Female,Y,4,3,1,Flight risk,3,0,37.0 years,3,sales,10942,2,Divorsed,1,1,3,Sales Executive
618,21,18,2,1,25632,29/04/15,2,80,1,Medical,Rarely,yes,1,37,1,3,230,N,FEMALE,Y,4,2,0,New hire,3,1,43,3,Research and Development,10684,4,DIVORCED,3,1,1,Laboratory Technician
619,31,15,0,2,18427,08/10/12,1,80,1,Medical,Travel_Rarely,Yes,3,43,0,4,422,0,m,Y,2,2,1,Top performer,1,2,41,4,research & development,4761,1,SINGLE,4,2,3,Research Scientist
620,0,20,1,0,24682,14/11/12,3,80,1,Medical,Travel_Rarely,no,3,91,0,3,922,NO,MALE,Y,4,4,0,Excellent team player,1,1,nan,4,research & development,3925,3,M,3,0,3,Research Scientist
621,18,16,3,0,23426,01/07/05,2,80,1,Technical Degree,travel_rarely,N,29,92,0,3,642,FALSE,f,Y,1,2,0,Key talent,2,2,29,2,Sales,7041,4,MARRIED,4,0,4,Sales Representative
622,7,22,2,7,19943,17/01/22,4,80,1,Human Resources,Travel Rarely,N,24,95,0,3,165,FALSE,F,Y,4,2,0,Exceeded expectations,2,0,41,4,research & development,6379,2,Divorced,2,3,3,Laboratory Technician
623,6,20,,0,8035,17/06/14,3,80,1,Medical,Travel_Rarely,No,12,69,0,3,817,No,f,Y,2,3,0,Flight risk,1,1,53,4,,5570,2,Single,2,0,3,Laboratory Technician
624,2,21,2,2,9071,03/07/06,3,80,1,Human Resources,Travel Rarely,no,2,42,2,3,1224,yes,m,Y,2,4,2,On PIP,2,0,49,4,Research and Development,8856,4,Single,4,1,1,Research Scientist
625,5,20,3,2,22578,20/02/07,2,80,1,Medical,None,NO,1,46,0,3,130,N,Male,Y,3,2,0,Exceeded expectations,1,0,51,3,research & development,3844,3,Married,3,1,3,Laboratory Technician
626,30,18,2,3,22335,18/12/21,3,80,1,Medical,Travel Rarely,No,3,44,3,3,984,No,male,Y,4,5,1,Needs improvement,1,1,32.0 years,4,R&D,7280,4,single,1,0,2,Healthcare Representative
627,,16,,2,18531,09/11/23,3,80,1,Medical,Rarely,N,2,62,1,4,290,No,Female,Y,4,1,0,Transferred from other dept,1,1,28,3,research & development,4528,2,married,2,1,5,Laboratory Technician
628,1,20,2,1,4170,03/11/04,1,80,1,Life Sciences,Travel_Rarely,No,5,45,1,3,514,N,MALE,Y,4,1,1,Exceeded expectations,1,0,35,1,R&D,$7295.0,4,Married,2,1,3,Research Director
629,2,24,5,0,26687,25/05/11,3,80,1,Life Sciences,Travel_Rarely,No,12,42,0,3,846,no,M,Y,3,3,0,High potential,3,0,37,4,Research&Development,10036,1,married,3,0,3,Research Director
630,8,14,4,2,7118,12/03/20,3,80,1,Life Sciences,travel_rarely,NO,15 km,52,2,3,1169,YES,F,Y,3,3,1,Average,5,1,46,1,Research&Development,13960,4,Married,4,2,4,Research Scientist
631,26,13,3,8,25539,08/01/22,2,80,1,Medical,Rarely,NO,14,65,8,3,1212,No,m,Y,1,2,2,On PIP,2,1,21,2,Sales,8603,4,M,3,0,3,Sales Executive
632,8,17,2,1,9297,10-29-2015,2,80,1,Life Sciences,Rarely,No,3,72,1,3,474,No,F,Y,2,3,0,,2,0,50.0 years,2,research & development,8372,3,single,2,1,3,Healthcare Representative
633,2,23,1,2,6163,06-24-2004,3,80,1,Medical,Travel Frequently,no,9,79,2,4,1369,yes,female,Y,3,0,2,Remote worker,1,0,35,3,Research&Development,5051,3,Married,1,0,4,Laboratory Technician
634,5,12,1,5,10026,17/10/20,4,80,1,Other,travel_frequently,No,3,42,4,3,657,NO,female,Y,4,3,0,Key talent,2,2,33,3,Research&Development,7036,4,Divorced,2,1,4,Research Scientist
635,4,17,0,4,11019,09/08/20,3,80,1,Life Sciences,travel_rarely,NO,1,59,4,3,1380,No,m,Y,4,2,3,Flight risk,1,2,27.0 years,2,Research & Development,4948,,M,4,0,3,Research Scientist
636,0,11,2,0,11944,07-21-2011,4,80,1,Medical,travel_rarely,NO,9 km,86,0,4,1475,FALSE,m,Y,2,3,0,Average,2,0,22,4,Sales,7233,3,S,3,0,1,Sales Representative
637,7,23,,7,26451,23/06/14,3,80,1,Life Sciences,Frequently,NO,1,59,0,3,1228,no,FEMALE,Y,3,3,3,Flight risk,4,0,44,3,research & development,$13546.0,4,SINGLE,2,2,3,Manufacturing Director
638,,20,2,1,4939,09/05/05,4,80,1,Life Sciences,Non-Travel,NO,4,39,0,3,1460,N,f,Y,4,4,0,High potential,1,0,37,3,,6262,1,Single,1,1,4,Sales Executive
639,18,15,1,6,7727,02/03/07,4,80,1,Marketing,Travel_Rarely,NO,3 km,95,3,3,1424,no,Female,Y,3,3,2,Exceeded expectations,3,2,25,4,sales,11276,4,MARRIED,3,2,2,Sales Executive
640,7,19,2,2,13920,04-25-2008,1,80,1,Medical,Travel Frequently,N,9,68,1,3,1200,no,Male,Y,3,3,1,Average,1,2,25.0 years,3,Sale,5914,4,married,4,2,2,Manager
641,18,23,2,14,26448,06-15-2015,1,80,1,Marketing,Travel Rarely,No,11,66,5,3,1353,0,Female,Y,3,3,8,Top performer,2,0,33,4,R&D,7652,4,Married,2,4,4,Manufacturing Director
642,,23,1,17,5616,04-22-2008,2,80,1,Life Sciences,None,yes,2,32,0,3,677,FALSE,female,Y,4,6,0,Average,1,2,52,2,Research & Development,4486,1,Single,3,0,1,Laboratory Technician
643,28,11,4,13,7405,02/08/15,2,80,1,Medical,Travel_Rarely,no,13,63,4,3,131,No,F,Y,1,4,2,Excellent team player,2,0,34,3,SALES,6269,2,single,3,0,4,Sales Representative
644,1,18,4,1,25669,17/07/21,3,80,1,Life Sciences,travel_rarely,N,2,67,0,3,157,NO,FEMALE,Y,3,4,0,Meets expectations,1,0,23,,research & development,4444,4,M,4,0,3,Laboratory Technician
645,28,19,1,7,12469,07/04/22,4,80,1,Life Sciences,Travel_Rarely,No,4,43,1,3,1227,Y,f,Y,2,3,1,New hire,2,3,nan,2,SALES,3018,1,Married,4,1,3,Sales Representative
646,15,19,4,5,10351,08/07/10,4,80,1,Life Sciences,Travel Rarely,NO,10,93,5,3,411,FALSE,FEMALE,Y,4,3,0,New hire,2,2,34,4,sales,7114,3,S,2,2,1,Sales Executive
647,15,18,3,0,13557,30/03/23,3,80,1,Life Sciences,Travel_Rarely,YES,9,68,0,3,1190,1,male,Y,2,2,0,New hire,1,2,18,3,Sale,4877,4,Married,4,0,4,Sales Executive
648,0,14,0,0,7880,01/10/20,3,80,1,Life Sciences,travel_rarely,no,29,83,0,3,789,no,m,Y,3,4,0,,3,1,36,3,Research and Development,11845,2,SINGLE,4,0,3,Manufacturing Director
649,1,24,0,1,16096,11/03/22,3,80,1,Life Sciences,Travel Rarely,no,2,31,0,3,1497,N,m,Y,4,2,0,Top performer,4,0,34,4,SALES,13596,4,Divorsed,1,1,3,Sales Executive
650,36,24,6,11,3013,04/12/05,3,80,1,Other,Rarely,N,8,72,5,3,334,YES,male,Y,3,0,0,High potential,2,2,43,2,Sale,8521,1,D,4,0,3,Manager
651,2,17,3,2,10743,07-24-2020,3,80,1,Life Sciences,Travel_Frequently,Yes,7,82,2,4,742,N,M,Y,3,3,2,Needs improvement,1,1,53,4,SALES,1730,3,SINGLE,3,0,4,Sales Executive
652,,11,1,0,9391,05-20-2013,3,80,1,Life Sciences,Non-Travel,Yes,19,32,0,3,1235,Y,m,Y,1,1,0,Transferred from other dept,1,0,47,3,research & development,4914,2,Single,4,0,5,Research Director
653,4,17,2,3,19559,21/02/07,4,80,1,Life Sciences,Rarely,YES,1,70,2,3,1177,FALSE,M,Y,1,5,3,On PIP,4,1,34,,Research and Development,11480,3,MARRIED,2,0,3,Research Director
654,24,16,4,3,11355,15/03/17,2,80,1,Medical,Rarely,No,11,37,1,4,901,TRUE,male,Y,4,4,1,Flight risk,2,2,27,4,Research & Development,6187,4,Single,3,3,3,Research Scientist
655,6,15,2,6,7247,18/09/07,3,80,1,Life Sciences,travel_rarely,No,6,92,0,3,338,No,FEMALE,Y,3,3,3,Remote worker,2,3,60,4,research & development,7719,1,Married,4,0,5,Manufacturing Director
656,25,11,5,0,9518,24/05/06,3,80,1,Technical Degree,Travel_Rarely,N,2,94,0,3,1418,YES,f,Y,4,2,0,New hire,1,1,37,2,Research & Development,6914,3,DIVORCED,2,0,3,Laboratory Technician
657,4,18,1,4,8290,16/08/23,2,80,1,,Travel Frequently,N,5 km,33,2,3,211,yes,M,Y,3,3,0,Exceeded expectations,2,1,37,4,Saless,8556,3,Married,3,4,2,Manager
658,2,20,,2,3308,03/06/20,4,80,1,Life Sciences,Travel_Rarely,NO,3,97,2,3,1211,No,f,Y,2,3,1,Flight risk,1,0,36,2,Research & Development,5027,2,divorced,4,2,2,Laboratory Technician
659,6,11,0,6,11684,06/07/09,2,80,1,Medical,travel_rarely,Y,6,39,0,4,575,No,M,Y,2,2,2,,4,1,38,4,SALES,13970,3,Married,4,5,4,Sales Representative
660,9,11,,3,14723,27/01/07,3,80,1,Life Sciences,Travel Frequently,NO,17,79,0,3,403,yes,m,Y,1,5,1,,4,1,35.0 years,1,R&D,12929,4,Single,4,1,3,Laboratory Technician
661,4,24,2,4,6827,28/04/20,2,80,1,Medical,Travel Rarely,N,6,52,0,3,1428,0,m,Y,4,2,3,Average,1,0,nan,1,Research & Development,4184,4,married,3,0,3,Research Scientist
662,4,13,1,4,23648,30/03/05,1,80,1,Medical,Travel Frequently,Y,7,90,1,3,389,TRUE,m,Y,3,4,2,Excellent team player,2,2,32,1,Research & Development,8641,1,M,2,0,3,Research Scientist
663,2,23,1,2,20161,10/04/04,2,80,1,Life Sciences,travel_rarely,yes,5,76,0,4,307,NO,FEMALE,Y,3,4,1,,1,3,36,4,Research & Development,2921,4,married,3,0,2,Laboratory Technician
664,3,18,2,0,2059,12-19-2007,4,80,1,Life Sciences,Travel_Rarely,no,1,32,0,3,967,N,f,Y,4,5,0,Flight risk,2,0,32,3,sales,8889,3,single,3,0,3,Sales Representative
665,11,18,2,0,8986,02/02/11,1,80,1,Medical,Travel Rarely,Y,2,46,0,3,681,1,M,Y,3,3,0,Average,4,2,30,3,R&D,13417,4,single,2,0,1,Laboratory Technician
666,4,24,3,4,12643,04/01/08,1,80,1,Medical,Frequently,N,5,51,4,3,469,NO,MALE,Y,4,3,0,Flight risk,2,1,37,4,Research & Development,9238,1,Divorsed,3,0,3,Manufacturing Director
667,0,17,0,0,17216,27/05/20,3,80,1,Life Sciences,non-travel,N,2,45,0,3,319,FALSE,Male,Y,1,5,0,Top performer,1,1,34,1,Research&Development,6441,4,single,1,0,3,Research Scientist
668,1,15,2,1,9860,09/11/21,3,80,1,Medical,Travel Rarely,no,1,32,1,3,1354,FALSE,M,Y,4,4,1,Average,1,2,50,3,sales,$2490.0,4,Divorsed,1,1,3,Sales Executive
669,4,18,1,4,15425,02/10/21,2,80,1,Medical,travel_rarely,NO,5,81,1,4,901,YES,M,Y,4,4,1,Needs improvement,3,0,18,4,R&D,10127,4,Divorsed,1,3,4,Research Scientist
670,25,12,1,25,15806,09/12/14,3,80,1,Technical Degree,Rarely,No,3,62,3,3,918,Y,Male,Y,3,4,5,Recently promoted,2,2,46,3,R&D,6716,,D,4,6,4,Healthcare Representative
671,4,18,4,3,16950,04/01/19,2,80,1,Life Sciences,Travel Rarely,N,2,71,0,3,448,0,FEMALE,Y,3,3,0,,2,0,48,1,,5280,2,Married,3,3,4,Research Director
672,0,22,0,0,26911,06-22-2005,3,80,1,Marketing,Non-Travel,Y,4,31,0,4,354,FALSE,f,Y,4,0,0,High potential,1,2,18,4,research & development,3451,3,MARRIED,3,0,1,Laboratory Technician
673,5,21,5,0,3592,18/05/11,3,80,1,Medical,non-travel,no,1 km,68,0,4,551,TRUE,M,Y,3,2,0,Meets expectations,1,1,33,3,Research & Development,8661,2,D,3,0,2,Research Scientist
674,11,12,0,3,22764,03/10/22,2,80,1,,Travel Frequently,N,21,75,0,3,241,0,Female,Y,1,3,2,On PIP,5,0,33,1,Saless,17914,3,S,2,2,3,Sales Executive
675,9,20,1,1,16464,31/05/13,4,80,1,Medical,Travel Rarely,NO,16,77,1,3,1192,0,m,Y,4,2,0,Top performer,2,0,24,2,R&D,10875,3,Married,3,0,5,Manufacturing Director
676,3,15,5,3,8097,13/04/09,1,80,1,,travel_rarely,Yes,9 km,56,2,3,188,N,MALE,Y,3,3,0,,2,0,29,2,research & development,9243,2,married,2,0,4,Laboratory Technician
677,11,21,6,9,8458,14/05/05,4,80,1,Human Resources,Rarely,N,1,44,0,3,970,N,M,Y,3,3,1,New hire,2,0,27,3,,6887,2,married,4,2,4,Manufacturing Director
678,9,23,2,1,11151,09/11/22,3,80,1,Life Sciences,travel_rarely,NO,11,36,1,3,1259,NO,f,Y,1,2,1,Transferred from other dept,3,0,52.0 years,2,Research and Development,10427,1,M,1,0,3,Research Scientist
679,1,14,2,1,24101,01/06/09,2,80,1,Medical,Travel_Rarely,No,13,86,1,3,622,1,f,Y,2,2,1,Needs improvement,1,2,45,3,Research and Development,$5882.0,2,MARRIED,3,1,3,Manufacturing Director
680,1,23,4,1,6166,12/11/17,2,80,1,Life Sciences,Rarely,no,11,71,1,3,759,no,female,Y,4,3,0,,1,2,48,4,HR,5656,3,married,3,1,3,Human Resources
681,7,11,3,6,8488,05/03/22,4,80,1,Human Resources,Travel_Rarely,Yes,1,38,2,3,1050,NO,Male,Y,3,5,2,Recently promoted,2,3,43,4,Saless,nan,,Divorsed,2,1,2,Sales Executive
682,10,15,2,5,26541,06-15-2006,3,80,1,Life Sciences,Travel_Rarely,NO,8,35,0,3,1009,yes,f,Y,4,4,0,New hire,3,2,26,4,Saless,8735,4,S,1,0,1,Sales Executive
683,32,17,5,28,23803,17/04/23,2,80,1,Human Resources,travel_rarely,No,14,86,0,3,541,NO,MALE,Y,3,1,1,Good performer,3,2,32,4,Sales,nan,3,DIVORCED,4,1,5,Sales Executive
684,5,11,0,5,12415,08/04/20,1,80,1,Technical Degree,Travel Rarely,Yes,6,59,1,3,137,no,female,Y,4,3,2,High potential,4,0,41,3,R&D,13788,4,MARRIED,3,1,2,Laboratory Technician
685,14,12,3,2,14008,15/06/22,4,80,1,Life Sciences,Rarely,yes,8,84,1,4,1331,N,m,Y,2,4,0,Remote worker,2,2,26,3,Research and Development,7511,,Divorsed,4,0,2,Healthcare Representative
686,1,22,2,1,26718,09/04/23,3,80,1,Marketing,Travel_Rarely,Yes,4,83,1,3,309,NO,m,Y,2,3,1,Meets expectations,1,2,43,4,Research & Development,$5170.0,4,MARRIED,2,1,1,Laboratory Technician
687,22,24,1,4,13170,26/12/16,2,80,1,,No Travel,no,6,56,3,3,612,NO,MALE,Y,3,2,0,,5,0,34,4,Research&Development,16635,4,MARRIED,4,0,4,Healthcare Representative
688,10,19,3,8,19430,25/05/19,4,80,1,Life Sciences,Travel Rarely,Y,1,88,3,3,1483,No,female,Y,2,2,1,,2,1,33,4,Research & Development,8184,2,S,2,3,3,Laboratory Technician
689,9,22,3,3,16516,12/03/23,3,80,1,Medical,Travel Rarely,Yes,8,36,1,3,1124,yes,male,Y,3,2,1,Recently promoted,2,1,43,3,Research and Development,9930,2,D,1,0,3,Research Scientist
690,1,15,2,1,11260,01/05/22,3,80,1,Medical,Rarely,No,1,69,1,3,1080,NO,Female,Y,4,2,0,High potential,3,3,40.0 years,4,Saless,nan,3,SINGLE,2,1,4,Sales Representative
691,0,24,0,0,9636,03/04/11,3,80,1,Life Sciences,Travel Rarely,yes,4,31,0,3,480,NO,m,Y,3,2,0,New hire,2,1,33,1,Sale,6255,3,Divorsed,2,0,3,Sales Executive
692,12,23,3,12,6187,13/03/06,4,80,1,Life Sciences,travel_rarely,No,2,43,2,3,927,N,Female,Y,1,3,2,Exceeded expectations,1,3,nan,4,Sale,4757,1,divorced,4,3,3,Sales Executive
693,1,17,1,1,5340,04/11/22,2,80,1,Life Sciences,Travel_Rarely,NO,6,39,1,3,958,no,female,Y,1,3,0,High potential,3,0,27,3,sales,10303,4,single,2,1,1,Sales Executive
694,-5,12,2,1,8177,30/12/16,4,80,1,Life Sciences,Travel Frequently,yes,1,79,1,3,493,0,Female,Y,2,3,0,Top performer,3,0,42,3,Research & Development,13135,3,S,3,1,2,Laboratory Technician
695,2,17,3,2,23157,12/03/15,4,80,1,Medical,Travel_Frequently,no,9,47,1,3,1173,no,MALE,Y,3,2,2,High potential,2,3,42.0 years,2,Research&Development,9756,4,MARRIED,2,0,4,Research Scientist
696,,17,,0,17941,28/12/14,2,80,1,Life Sciences,Rarely,N,12,47,0,3,495,FALSE,M,Y,2,3,0,Good performer,2,0,34,1,sales,8161,2,SINGLE,3,0,4,Sales Executive
697,9,17,1,8,5435,11/12/16,3,80,1,,Travel_Rarely,Yes,1,45,4,4,131,0,MALE,Y,4,3,2,Top performer,1,0,39,1,Research & Development,3081,2,D,4,0,3,Laboratory Technician
698,,15,,5,9300,24/08/07,4,80,1,Medical,Travel Rarely,NO,1,81,1,3,644,YES,female,Y,3,5,1,Top performer,1,1,nan,2,Research and Development,nan,1,S,3,2,3,Research Scientist
699,3,19,1,3,25286,01/05/21,3,80,1,Life Sciences,Rarely,N,1 km,98,3,3,811,no,MALE,Y,4,2,0,Remote worker,1,2,nan,3,Research&Development,5022,2,S,3,1,3,Research Director
700,5,12,,0,14669,26/09/21,3,80,1,Medical,Rarely,No,16,81,0,3,1357,yes,male,Y,3,2,0,Transferred from other dept,1,0,35,1,Research & Development,5504,4,Divorced,2,0,1,Laboratory Technician
701,18,14,3,1,24183,17/04/07,3,80,1,Medical,Rarely,N,6,60,0,3,1149,TRUE,MALE,Y,4,2,1,Meets expectations,5,0,32,4,Research&Development,16438,3,Married,2,0,2,Manufacturing Director
702,26,12,4,3,2965,08-28-2012,4,80,1,Human Resources,Rarely,No,5,52,1,3,1184,FALSE,m,Y,3,3,0,Key talent,3,1,46,3,,10279,4,DIVORCED,3,0,2,Laboratory Technician
703,6,18,3,1,9444,20/07/20,3,80,1,Life Sciences,Frequently,YES,1,71,0,4,652,FALSE,f,Y,3,5,0,Average,3,1,30,2,Research & Development,10110,4,Married,4,1,2,Manufacturing Director
704,8,22,2,2,12626,24/01/06,3,80,1,Life Sciences,Travel_Rarely,N,8,91,2,3,1253,no,MALE,Y,2,3,2,New hire,2,0,24,3,SALES,7964,1,married,2,2,4,Sales Executive
705,2,21,2,1,25062,10/08/10,3,80,1,Technical Degree,Travel Rarely,no,16,79,1,3,1477,no,Female,Y,4,4,1,,1,2,22,1,Research&Development,1425,2,MARRIED,3,1,2,Research Director
706,7,11,6,2,16610,30/01/23,3,80,1,Human Resources,Travel_Rarely,Y,14 km,44,2,3,297,no,male,Y,2,3,0,Meets expectations,5,1,42,4,research & development,15348,4,Married,4,2,2,Laboratory Technician
707,13,19,3,5,2500,09/07/20,2,80,1,Medical,Travel Frequently,No,7,73,0,3,898,No,m,Y,1,0,1,Transferred from other dept,2,2,25,3,Research and Development,7059,3,MARRIED,4,0,3,Healthcare Representative
708,6,22,0,6,6554,02-25-2022,3,80,1,Marketing,Rarely,NO,1,71,0,3,793,No,male,Y,2,4,1,Exceeded expectations,1,0,52,2,Research & Development,6811,3,married,4,6,4,Laboratory Technician
709,3,23,3,2,18433,10-29-2021,2,80,1,Life Sciences,Rarely,Y,1,74,2,3,1494,NO,m,Y,2,2,1,Needs improvement,2,1,18,2,Saless,6779,3,married,4,0,2,Sales Executive
710,8,24,2,5,19371,09-22-2018,3,80,1,Medical,travel_rarely,YES,1,64,0,3,246,0,M,Y,2,1,2,Key talent,4,3,52.0 years,3,SALES,$14270.0,4,SINGLE,1,0,1,Sales Representative
711,29,15,1,0,15291,23/10/05,2,80,1,Life Sciences,non-travel,Yes,2 km,51,0,3,597,no,FEMALE,Y,3,6,0,,4,1,38,3,Sales,$14339.0,3,Married,4,0,3,Sales Executive
712,21,21,3,3,8771,10/05/20,3,80,1,,Travel_Frequently,No,1 km,67,0,4,147,N,m,Y,3,2,0,Recently promoted,1,0,36,3,research & development,6946,4,SINGLE,4,3,4,Laboratory Technician
713,14,22,1,12,19499,04-22-2020,4,80,1,Marketing,Travel_Rarely,No,2,99,3,4,869,YES,FEMALE,Y,3,1,0,Remote worker,4,3,32,3,research & development,nan,4,married,3,0,3,Research Scientist
714,3,13,4,0,5932,01/09/12,3,80,1,Life Sciences,Travel Rarely,no,3,93,0,3,750,NO,M,Y,3,2,0,Remote worker,1,1,40,4,Research & Development,$4913.0,3,Single,1,0,4,Laboratory Technician
715,2,22,2,1,6434,30/07/07,2,80,1,Medical,Travel Rarely,YES,22,36,1,3,1295,no,male,Y,2,3,0,Average,1,2,36,4,research & development,$4286.0,3,Married,3,0,5,Research Director
716,18,21,1,0,5567,03/08/12,2,80,1,Human Resources,travel_frequently,no,7,73,0,3,712,no,FEMALE,Y,2,1,0,Transferred from other dept,3,0,46,3,Research and Development,$10004.0,2,M,2,0,4,Laboratory Technician
717,2,14,3,2,3658,06/04/16,4,80,1,Life Sciences,travel_frequently,no,14,36,2,3,798,0,m,Y,4,2,0,Good performer,4,1,38,4,research & development,nan,,SINGLE,3,1,3,Healthcare Representative
718,9,11,,5,12068,23/12/20,4,80,1,Other,Travel Rarely,NO,9,95,3,3,1438,FALSE,M,Y,1,3,1,High potential,2,3,38,2,R&D,7348,3,single,4,1,3,Laboratory Technician
719,5,13,1,0,16161,03/11/15,1,80,1,Other,Travel_Rarely,Yes,1,89,0,3,475,No,m,Y,4,5,0,,2,1,33,3,Sale,8830,1,single,4,0,1,Sales Executive
720,6,21,1,0,9944,04/04/14,4,80,1,Medical,Travel Frequently,no,10,30,0,4,905,TRUE,M,Y,2,2,0,High potential,3,0,36,1,R&D,$11630.0,4,MARRIED,4,0,5,Research Director
721,6,18,3,6,7800,12/08/07,2,80,1,Life Sciences,Travel_Rarely,NO,2,91,5,3,1020,NO,F,Y,3,3,1,Exceeded expectations,3,0,39,2,Saless,11887,3,DIVORCED,3,0,3,Sales Representative
722,,22,1,3,22760,24/03/15,3,80,1,Life Sciences,Travel Rarely,Y,8,47,3,3,974,NO,m,Y,3,3,3,,4,0,21,3,Research and Development,15888,,single,3,3,2,Manufacturing Director
723,0,12,1,0,16408,25/03/10,3,80,1,Medical,Rarely,no,3,36,0,3,909,no,FEMALE,Y,1,1,0,Flight risk,2,0,24,4,Research&Development,10794,2,married,4,0,3,Research Scientist
724,15,12,0,14,10017,02/07/20,1,80,1,Life Sciences,Rarely,No,29 km,83,2,3,1004,NO,female,Y,3,2,2,On PIP,5,1,43,1,H.R.,17186,,MARRIED,3,1,2,Human Resources
725,18,19,,1,4815,05/10/12,2,80,1,Life Sciences,Travel_Rarely,YES,2,96,0,3,1310,Y,male,Y,3,3,1,On PIP,5,0,38,2,Human Resourses,18649,3,MARRIED,4,1,3,Human Resources
726,28,15,1,11,2970,02/08/23,4,80,1,Other,Travel_Frequently,no,2,39,11,4,1105,0,F,Y,3,3,4,,1,0,35,4,research & development,nan,4,Divorced,4,6,3,Laboratory Technician
727,6,15,3,6,26204,25/05/04,2,80,1,Life Sciences,Travel_Frequently,Yes,21,90,0,3,132,yes,m,Y,4,2,1,Needs improvement,3,0,37,2,research & development,12777,2,M,4,0,3,Laboratory Technician
728,6,11,2,1,15285,06-18-2004,3,80,1,Marketing,travel_rarely,No,1,88,1,3,168,0,F,Y,1,0,1,Excellent team player,2,1,40.0 years,2,Research&Development,9592,3,married,4,0,4,Healthcare Representative
729,32,23,1,3,23896,05-24-2006,3,80,1,Life Sciences,Non Travel,NO,9,88,0,3,691,YES,male,Y,3,0,1,Exceeded expectations,2,1,32,1,Research and Development,$9512.0,3,Single,3,1,2,Healthcare Representative
730,,16,3,3,2207,23/09/12,1,80,1,Medical,travel_rarely,N,10,98,1,3,1314,No,F,Y,2,3,1,On PIP,2,1,29,4,SALES,8141,3,SINGLE,3,0,3,Sales Executive
731,7,18,1,7,18643,19/11/16,4,80,1,Technical Degree,Travel Rarely,Yes,14,92,1,3,200,Yes,M,Y,3,3,0,New hire,1,2,38,3,HR,3997,2,S,3,1,3,Human Resources
732,4,16,1,1,7025,16/04/17,1,80,1,Life Sciences,travel_rarely,NO,29,37,1,3,1408,N,male,Y,1,3,0,Top performer,2,0,28,2,Research & Development,5908,4,single,4,1,3,Healthcare Representative
733,0,24,2,0,6358,21/08/17,2,80,1,Life Sciences,No Travel,yes,29,84,0,3,1013,N,FEMALE,Y,3,3,0,Transferred from other dept,4,1,40.0 years,3,Research and Development,13939,1,M,4,0,4,Research Scientist
734,5,17,2,5,18888,30/12/15,4,80,1,Medical,Travel Rarely,N,1,35,5,3,832,no,F,Y,2,5,0,High potential,1,0,21,3,research & development,7299,2,Married,3,1,3,Laboratory Technician
735,10,24,1,9,14490,11-26-2019,4,80,1,Medical,Travel Frequently,YES,13,30,1,3,489,N,MALE,Y,3,6,0,Top performer,2,0,46,3,R&D,7535,2,MARRIED,2,0,3,Research Scientist
736,11,14,2,11,3759,02/08/13,4,80,1,Medical,Travel_Rarely,YES,8,85,0,3,259,NO,M,Y,3,3,1,Good performer,4,1,41,4,,$15177.0,,Single,3,4,2,Sales Executive
737,0,12,1,0,25898,04-22-2013,2,80,1,Life Sciences,Rarely,Y,8,39,0,3,991,no,f,Y,4,3,0,On PIP,2,2,39,1,Sale,9265,3,S,4,0,5,Manager
738,16,11,1,11,16301,10-21-2006,4,80,1,Life Sciences,travel_rarely,No,1,52,1,4,1170,No,F,Y,3,1,1,Flight risk,2,0,45.0 years,4,Research&Development,7574,3,Married,2,5,3,Research Scientist
739,6,22,1,0,16387,05/02/09,3,80,1,Human Resources,Travel Frequently,No,8,45,0,3,1282,FALSE,F,Y,3,2,0,High potential,2,0,51,4,Research&Development,9974,3,Divorced,3,0,4,Laboratory Technician
740,,16,2,6,26144,02-20-2021,3,80,1,Technical Degree,Rarely,yes,29,45,4,3,795,0,Female,Y,1,3,1,Exceeded expectations,2,1,46,3,research & development,3637,4,SINGLE,2,6,1,Research Scientist
741,32,19,1,6,15667,20/12/12,4,80,1,Medical,Non Travel,no,19,85,1,3,857,0,f,Y,1,6,6,Exceeded expectations,2,1,20,4,Research and Development,6165,1,DIVORCED,4,3,2,Healthcare Representative
742,3,20,0,2,5794,27/08/04,1,80,1,Technical Degree,Travel Rarely,no,4,35,2,3,622,NO,f,Y,4,1,0,Excellent team player,3,0,25,4,Sales,nan,1,M,3,1,3,Sales Representative
743,14,15,2,0,5590,09-30-2014,3,80,1,Medical,Travel_Rarely,N,1,59,0,3,831,FALSE,MALE,Y,3,4,0,High potential,2,1,31,4,,$6770.0,1,M,3,0,4,Research Scientist
744,8,22,3,4,16698,27/08/08,4,80,1,Medical,Travel Rarely,Y,3,92,4,3,254,TRUE,MALE,Y,3,6,0,Key talent,3,3,37,3,research & development,11504,3,Married,1,4,3,Research Scientist
745,12,12,2,0,14332,11/09/15,2,80,1,Life Sciences,travel_frequently,No,14,30,0,3,438,NO,F,Y,1,4,0,Flight risk,2,0,41,2,Research and Development,8435,3,single,4,0,4,Laboratory Technician
746,5,11,4,2,8970,11-29-2009,3,80,1,Medical,Rarely,NO,9,80,2,4,1488,N,female,Y,2,4,0,Remote worker,1,0,30,3,sales,5590,3,Single,2,0,3,Sales Executive
747,3,13,0,2,11593,16/07/15,2,80,1,Medical,Travel_Rarely,Yes,4,75,2,4,894,NO,M,Y,4,2,2,Excellent team player,3,0,38,2,research & development,11894,4,M,3,0,3,Manufacturing Director
748,7,14,1,7,24669,27/08/14,4,80,1,Life Sciences,Travel Rarely,YES,1,50,0,3,1271,0,Male,Y,3,0,0,Key talent,3,1,30,2,sales,$9574.0,2,Married,3,5,2,Sales Executive
749,4,17,0,1,5329,01/09/18,3,80,1,Medical,travel_rarely,N,4,67,0,3,998,FALSE,F,Y,3,2,1,On PIP,2,0,nan,4,SALES,6172,2,DIVORCED,3,0,4,Sales Executive
750,2,19,1,2,13036,11/08/08,2,80,1,Marketing,travel_rarely,N,5,98,0,3,1267,no,Male,Y,4,4,0,New hire,1,3,nan,4,SALES,5594,2,Married,4,0,2,Sales Representative
751,18,18,3,0,16372,24/06/09,2,80,1,Medical,Non-Travel,Yes,21,92,0,3,202,1,M,Y,3,1,0,Good performer,1,1,28,3,Research and Development,4054,1,SINGLE,2,0,4,Research Scientist
752,6,19,3,3,22396,10/03/06,3,80,1,Medical,travel_frequently,N,8,79,0,3,911,TRUE,MALE,Y,4,2,2,Meets expectations,1,0,24.0 years,,Research and Development,$2644.0,2,married,2,0,4,Healthcare Representative
753,18,17,2,3,4092,02/07/05,3,80,1,Technical Degree,travel_rarely,Yes,2,41,3,3,192,N,M,Y,3,3,3,High potential,1,0,28,2,Research&Development,6457,3,SINGLE,4,0,5,Research Scientist
754,6,20,1,4,21351,06-14-2020,3,80,1,Life Sciences,travel_frequently,N,5,98,2,3,1074,NO,MALE,Y,3,3,1,New hire,3,1,46,4,,13092,2,married,4,2,3,Research Scientist
755,8,18,1,8,20059,26/05/17,2,80,1,Medical,travel_rarely,no,1,73,1,3,1409,FALSE,male,Y,1,3,1,Recently promoted,1,0,28,,Research and Development,7335,4,married,2,4,3,Research Director
756,,18,1,7,22780,18/02/11,3,80,1,Marketing,Travel Rarely,No,28,81,1,3,218,No,male,Y,3,6,0,Meets expectations,3,3,60.0 years,1,Research&Development,$11280.0,3,Divorced,1,1,4,Laboratory Technician
757,30,11,4,7,2287,14/04/22,2,80,1,Medical,Travel_Rarely,NO,3,38,1,4,128,FALSE,f,Y,1,0,2,Transferred from other dept,1,0,41,1,Research & Development,5938,2,D,4,1,2,Manufacturing Director
758,3,22,2,2,19169,24/04/04,4,80,1,Life Sciences,Rarely,No,5,94,0,3,1112,N,M,Y,4,3,0,Flight risk,1,0,38,4,Saless,7054,3,M,2,2,3,Sales Executive
759,20,24,3,6,4316,28/10/21,3,80,1,Life Sciences,Frequently,no,3,39,0,3,1153,No,f,Y,2,3,3,Meets expectations,2,1,nan,3,R&D,7037,3,Married,4,2,1,Laboratory Technician
760,4,22,0,3,18259,31/05/13,3,80,1,Technical Degree,travel_rarely,yes,9,75,3,3,971,no,F,Y,2,2,0,Transferred from other dept,1,0,43,3,Research & Development,6666,4,divorced,3,0,3,Manufacturing Director
761,0,19,1,0,4838,26/07/05,3,80,1,Medical,Travel Rarely,NO,8,87,0,3,1489,FALSE,male,Y,4,3,0,Top performer,4,1,31,4,sales,14413,4,S,4,0,2,Sales Executive
762,8,12,0,8,25613,29/12/21,3,80,1,Technical Degree,travel_rarely,N,10,66,2,3,899,0,Female,Y,3,3,1,Key talent,1,0,38,4,Sale,6370,3,SINGLE,4,2,2,Sales Representative
763,37,22,1,11,13829,06-28-2021,4,80,1,Medical,travel_rarely,N,2,81,1,3,1261,No,m,Y,2,3,0,Recently promoted,2,1,60,4,Sale,8279,3,S,3,4,3,Sales Representative
764,36,21,3,1,10137,01/07/15,3,80,1,Medical,Travel Rarely,No,3,42,0,3,574,YES,f,Y,4,1,1,Transferred from other dept,3,1,nan,4,Saless,12944,2,single,3,1,3,Sales Executive
765,1,24,2,1,26502,12/06/19,3,80,1,Marketing,Travel_Rarely,no,1,35,1,3,662,Yes,male,Y,3,4,0,On PIP,2,1,47,2,sales,8335,3,married,3,1,3,Sales Representative
766,14,17,3,7,3265,22/06/22,4,80,1,Medical,Rarely,yes,8 km,87,2,4,534,N,female,Y,2,5,0,,1,1,30,,research & development,2774,4,MARRIED,4,4,1,Laboratory Technician
767,16,23,5,2,4983,14/05/10,3,80,1,Life Sciences,Travel Rarely,NO,1,77,2,3,903,0,Female,Y,3,1,2,On PIP,2,0,36.0 years,4,research & development,10177,3,Married,4,0,3,Research Scientist
768,4,20,3,2,24285,03/02/08,2,80,1,Medical,Frequently,no,7,61,0,3,1357,no,m,Y,3,2,0,Transferred from other dept,3,1,52,4,research & development,$9578.0,,S,2,2,2,Laboratory Technician
769,10,20,0,10,26315,10/05/21,4,80,1,Marketing,No Travel,no,16,40,5,4,154,N,male,Y,3,3,2,,5,0,31,4,Research & Development,18879,3,Married,3,6,3,Research Scientist
770,6,23,2,6,16689,23/01/23,3,80,1,Life Sciences,Travel Rarely,N,17,34,1,4,1030,NO,female,Y,4,1,1,Exceeded expectations,4,1,53,2,Research & Development,13864,4,M,3,2,3,Laboratory Technician
771,2,15,4,2,16107,19/05/13,3,80,1,Life Sciences,travel_rarely,N,4,35,2,3,1415,No,Female,Y,2,3,2,Remote worker,1,3,43,4,Research and Development,nan,1,MARRIED,1,0,3,Manufacturing Director
772,14,14,1,5,10143,18/02/19,2,80,1,Life Sciences,Travel_Frequently,No,4,50,2,3,851,NO,Male,Y,2,2,0,Transferred from other dept,5,0,31,1,R&D,18702,3,Married,3,2,4,Laboratory Technician
773,3,11,1,3,10030,03-21-2023,3,80,1,Technical Degree,Rarely,No,1,71,2,3,411,No,FEMALE,Y,2,5,1,Excellent team player,1,1,42,2,research & development,5645,2,M,2,2,3,Research Director
774,4,11,1,3,26646,22/07/06,2,80,1,Life Sciences,Non-Travel,Y,8,56,2,3,1212,1,M,Y,1,2,0,New hire,1,0,45,2,R&D,5762,2,S,4,0,4,Research Scientist
775,2,13,3,2,15122,14/10/05,4,80,1,Medical,travel_rarely,YES,13 km,32,0,3,1335,FALSE,FEMALE,Y,3,6,1,Meets expectations,3,1,42,4,SALES,$11633.0,,single,1,2,3,Sales Executive
776,12,24,0,3,12652,04/10/14,4,80,1,Medical,Travel Frequently,no,2,89,1,3,1056,no,Male,Y,4,0,3,Good performer,1,2,22,4,Research&Development,1979,3,divorced,3,3,3,Manufacturing Director
777,6,11,5,5,2611,18/02/19,2,80,1,Life Sciences,Rarely,No,4,95,0,3,417,0,female,Y,2,1,0,Key talent,1,0,30,3,SALES,5177,2,D,4,4,3,Sales Executive
778,5,18,1,5,25612,14/06/04,1,80,1,Medical,Travel_Rarely,No,14,78,0,3,856,1,Male,Y,2,2,2,High potential,1,2,34,1,research & development,3325,,married,4,0,1,Laboratory Technician
779,9,13,2,9,5523,27/11/06,1,80,1,Life Sciences,Frequently,N,16 km,63,0,4,564,yes,m,Y,4,4,0,Key talent,2,0,36,4,Saless,8256,3,S,3,0,3,Sales Executive
780,1,21,1,1,23896,13/11/17,2,80,1,Medical,None,NO,2,66,1,4,1210,NO,male,Y,2,3,0,New hire,3,1,42,4,Saless,9285,1,M,3,1,3,Sales Executive
781,22,20,1,13,22086,21/12/19,2,80,1,Marketing,None,NO,6,71,0,3,1363,no,MALE,Y,3,3,0,New hire,2,1,nan,2,SALES,6222,4,married,3,5,3,Sales Executive
782,6,12,2,6,7424,14/05/22,4,80,1,Marketing,Travel_Rarely,N,1,94,0,3,799,No,MALE,Y,1,2,0,,1,0,24.0 years,4,Sale,7407,2,married,2,2,1,Manager
783,4,16,2,1,26766,01/02/22,3,80,1,Life Sciences,Rarely,NO,1,89,1,3,1180,No,MALE,Y,2,0,0,,2,2,40,4,Research&Development,9604,3,single,2,1,1,Research Scientist
784,1,14,1,1,11939,12/12/07,3,80,1,Technical Degree,Travel_Frequently,yes,19,30,1,3,1236,0,female,Y,2,3,0,Good performer,4,0,42,2,human resources,13993,2,Single,3,0,4,Manager
785,1,23,2,0,3628,04/07/14,2,80,1,Medical,Travel Rarely,NO,13,88,0,3,834,Y,M,Y,2,3,0,Transferred from other dept,3,2,nan,2,SALES,11277,3,MARRIED,4,0,3,Sales Representative
786,25,23,1,2,15176,11-25-2008,4,80,1,Technical Degree,Travel_Rarely,Yes,11,33,2,3,1193,FALSE,M,Y,3,1,0,Excellent team player,1,1,46,4,Sale,4628,3,M,3,2,2,Sales Executive
787,6,24,1,5,9907,10-17-2019,4,80,1,Medical,non-travel,no,1,43,2,3,838,TRUE,M,Y,2,2,0,Key talent,5,1,44,1,SALES,17854,3,SINGLE,2,3,3,Sales Executive
788,12,21,2,3,5372,11/05/21,3,80,1,Medical,Frequently,No,14,47,1,3,867,Yes,Male,Y,2,3,0,On PIP,3,3,41,2,Research and Development,nan,4,Single,2,3,3,Healthcare Representative
789,0,24,1,0,26592,23/04/14,2,80,1,Technical Degree,travel_rarely,YES,4,63,0,3,1307,0,Male,Y,3,2,0,Meets expectations,1,0,36,4,SALES,6490,4,Married,4,0,4,Sales Representative
790,10,23,4,7,15102,10/01/07,4,80,1,Technical Degree,travel_rarely,Yes,3,30,0,3,843,N,m,Y,4,4,0,Flight risk,1,0,22,,R&D,4620,3,D,4,5,1,Research Scientist
791,25,21,1,1,11789,20/06/19,3,80,1,Medical,No Travel,N,6,82,0,3,375,no,male,Y,3,2,1,Needs improvement,1,2,40,,Research & Development,4370,1,D,4,0,2,Research Scientist
792,3,23,1,3,5139,09/07/14,4,80,1,Life Sciences,Travel Rarely,Yes,1,51,1,3,332,N,m,Y,2,3,0,Flight risk,3,0,38,4,R&D,11032,3,MARRIED,3,0,4,Research Scientist
793,8,14,2,2,13643,29/11/11,3,80,1,Life Sciences,Travel_Rarely,no,11,90,1,3,153,NO,Male,Y,2,3,0,Exceeded expectations,1,1,39,4,SALES,4113,3,MARRIED,3,0,1,Sales Executive
794,28,12,1,14,20643,04-25-2020,4,80,1,,Travel_Rarely,YES,6,51,3,4,356,0,male,Y,3,3,0,Remote worker,2,3,25,3,Research & Development,8493,2,single,2,2,2,Laboratory Technician
795,12,12,1,2,4250,14/02/14,3,80,1,Life Sciences,Frequently,N,1,79,2,3,189,0,MALE,Y,3,3,0,Excellent team player,1,1,27,2,Research&Development,4193,1,MARRIED,2,1,5,Healthcare Representative
796,0,21,3,0,8121,18/05/08,4,80,1,Life Sciences,travel_rarely,yes,1 km,45,0,3,507,1,male,Y,4,4,0,,4,0,46,3,R&D,14702,2,MARRIED,2,0,3,Laboratory Technician
797,4,16,1,2,10181,17/06/05,4,80,1,Technical Degree,Travel Frequently,NO,1,57,2,4,1392,Yes,Female,Y,1,3,1,Transferred from other dept,1,0,36,4,sales,6824,2,Married,4,2,2,Sales Representative
798,0,15,2,0,17303,05/11/06,2,80,1,Life Sciences,Travel Rarely,YES,1,99,0,3,465,FALSE,MALE,Y,1,4,0,High potential,4,0,43,4,R&D,12921,3,MARRIED,4,0,1,Laboratory Technician
799,19,19,3,1,18667,20/06/19,3,80,1,Medical,Rarely,NO,7,71,1,3,450,NO,FEMALE,Y,4,3,0,Remote worker,4,0,37.0 years,3,research & development,13804,4,single,3,0,1,Laboratory Technician
800,9,14,2,2,7725,09/12/08,2,80,1,Life Sciences,Travel Rarely,N,14,95,2,3,1422,N,male,Y,4,2,0,On PIP,1,0,37,1,Research and Development,5691,3,SINGLE,2,2,2,Research Scientist
801,31,15,0,0,17584,04/09/20,4,80,1,Life Sciences,travel_rarely,NO,1,64,0,3,1282,no,F,Y,3,2,0,Exceeded expectations,2,2,45,4,Saless,7346,4,S,3,0,4,Sales Representative
802,0,11,1,0,26302,06-13-2005,1,80,1,Life Sciences,travel_rarely,yes,1,49,0,3,586,FALSE,Female,Y,4,2,0,Exceeded expectations,1,0,32,1,H.R.,5696,2,single,3,0,3,Manager
803,5,22,3,5,23621,04/05/07,1,80,1,Life Sciences,None,YES,6,31,1,3,941,N,Male,Y,2,1,1,Transferred from other dept,4,3,37,2,Saless,nan,2,S,3,5,4,Sales Representative
804,1,22,2,0,15219,24/06/07,3,80,1,Marketing,travel_rarely,NO,13,36,0,3,1083,NO,F,Y,4,3,0,Meets expectations,2,2,32,4,Research and Development,9624,3,Divorced,3,0,4,Research Scientist
805,4,12,2,4,10794,07-18-2020,3,80,1,Technical Degree,Travel_Rarely,no,3,78,4,3,1478,N,m,Y,3,3,4,Needs improvement,1,3,33,3,Sales,4091,4,married,4,2,3,Sales Executive
806,1,13,2,1,16112,11/08/20,2,80,1,Life Sciences,travel_rarely,N,3,38,1,3,720,NO,m,Y,3,3,1,Average,1,0,34,3,R&D,3585,4,married,4,1,2,Research Scientist
807,3,15,3,1,13544,27/10/16,3,80,1,Medical,Travel_Rarely,NO,7,56,0,3,1029,Yes,Female,Y,3,3,1,Remote worker,2,1,38,4,Research and Development,7538,4,DIVORCED,1,1,3,Laboratory Technician
808,17,22,0,1,6075,21/10/08,4,80,1,Medical,Travel Rarely,No,2,31,0,3,500,NO,F,Y,2,3,1,High potential,4,0,32,4,R&D,12548,4,divorced,3,1,4,Manufacturing Director
809,1,15,3,1,14778,03-29-2012,3,80,1,Technical Degree,Travel_Frequently,yes,1,97,1,3,1219,YES,M,Y,1,0,0,High potential,3,0,48,2,Research and Development,11846,3,Married,2,1,4,Research Scientist
810,6,14,4,1,8162,10-25-2013,3,80,1,Marketing,Rarely,No,10,89,1,3,669,YES,MALE,Y,3,1,1,Transferred from other dept,4,1,28.0 years,4,sales,$12257.0,4,Divorced,2,1,1,Sales Representative
811,25,24,2,0,9636,10/09/04,2,80,1,Medical,Frequently,N,7,78,0,3,1074,NO,m,Y,2,3,0,,2,2,35,4,Research and Development,11499,4,Married,4,0,4,Laboratory Technician
812,40,20,4,2,24121,04/11/13,2,80,1,Medical,Rarely,No,6,31,1,3,491,Y,m,Y,3,2,2,Recently promoted,1,0,33,2,Research & Development,6943,1,single,4,2,3,Manufacturing Director
813,2,13,1,2,10002,12/12/10,3,80,1,Technical Degree,Frequently,No,10 km,46,2,3,451,1,FEMALE,Y,3,1,0,Top performer,5,0,50,4,Research&Development,17018,4,married,1,0,4,Research Director
814,27,19,2,8,15453,01/07/19,3,80,1,Life Sciences,Rarely,yes,8 km,49,0,4,905,Yes,male,Y,2,2,2,Excellent team player,1,0,38,1,R&D,6301,2,MARRIED,2,2,2,Research Scientist
815,3,11,2,3,25456,17/09/19,3,80,1,Life Sciences,non-travel,Y,1,61,3,3,675,no,m,Y,3,2,0,New hire,4,2,46,2,,11544,4,Married,3,3,3,Healthcare Representative
816,5,16,2,5,16633,09/03/11,3,80,1,,Travel Frequently,N,3,80,0,3,876,TRUE,MALE,Y,1,0,0,Recently promoted,2,3,23,3,Research and Development,11785,2,SINGLE,3,5,4,Research Scientist
817,21,17,2,4,19877,11/06/10,3,80,1,Marketing,Travel_Rarely,N,1,71,0,3,732,N,M,Y,2,2,2,Transferred from other dept,1,0,nan,4,Research & Development,4114,,Single,3,1,3,Laboratory Technician
818,15,20,,1,14992,11/02/16,3,80,1,Medical,Travel_Rarely,Yes,1,92,0,3,1411,FALSE,male,Y,3,0,1,Good performer,3,0,45,1,Sales,nan,4,MARRIED,1,1,3,Sales Representative
819,19,14,1,2,14126,08-20-2019,2,80,1,Medical,No Travel,Yes,9,90,2,4,622,N,Female,Y,3,0,2,High potential,5,3,37,4,Saless,14216,1,S,3,2,1,Manager
820,,20,1,1,15090,12-25-2010,4,80,1,Life Sciences,Rarely,Yes,15,91,1,3,825,N,F,Y,2,4,1,,5,0,46,4,SALES,17729,4,M,2,1,2,Sales Executive
821,2,13,4,2,18756,08-13-2015,2,80,1,Medical,Rarely,N,26 km,32,0,3,261,NO,female,Y,2,2,2,On PIP,1,1,32,2,R&D,3340,3,Married,3,2,3,Laboratory Technician
822,8,18,0,8,23971,23/07/23,3,80,1,Medical,Travel_Rarely,No,7,55,2,99,758,no,MALE,Y,3,3,2,,1,0,49,4,Sale,5152,1,MARRIED,2,1,5,Sales Representative
823,4,19,3,1,9071,13/01/17,2,80,1,Medical,Frequently,NO,1,77,1,3,1305,FALSE,F,Y,2,2,1,Transferred from other dept,2,0,57,3,Sales,7183,4,married,2,1,2,Sales Representative
824,,23,4,3,15749,16/06/04,3,80,1,Medical,non-travel,N,1,37,1,3,949,N,female,Y,4,5,1,Top performer,2,1,33,2,Sales,6383,1,Divorsed,2,3,3,Sales Executive
825,1,11,4,1,21275,22/09/12,3,80,1,Technical Degree,travel_rarely,NO,13,34,1,4,181,FALSE,Female,Y,4,3,1,Good performer,3,2,32,1,Research&Development,9793,4,married,1,1,3,Healthcare Representative
826,3,21,1,3,13983,10/09/13,3,80,1,Life Sciences,travel_rarely,Y,6,40,0,4,623,Y,M,Y,2,2,0,Meets expectations,1,0,50,3,Research and Development,5338,3,married,2,1,2,Laboratory Technician
827,19,22,3,1,8586,12/01/16,3,80,1,Medical,Travel Frequently,no,7 km,71,0,3,103,no,M,Y,4,2,1,Transferred from other dept,5,0,51.0 years,1,Human Resourses,15077,4,MARRIED,4,1,3,Human Resources
828,22,20,2,1,26007,03/10/11,3,80,1,Life Sciences,No Travel,No,12,70,1,3,594,0,m,Y,3,1,0,Remote worker,2,0,32.0 years,4,research & development,6876,4,S,2,0,4,Laboratory Technician
829,9,19,2,9,21703,05/10/06,4,80,1,Medical,travel_rarely,No,9,48,0,3,1174,0,male,Y,3,4,0,Needs improvement,3,1,33,1,research & development,11994,3,single,3,4,4,Laboratory Technician
830,6,17,3,0,12641,23/12/19,2,80,1,Life Sciences,Travel Rarely,N,14,77,0,3,1384,Yes,male,Y,2,3,0,Exceeded expectations,2,2,34,3,Research and Development,11903,4,Single,3,0,3,Research Director
831,12,11,1,4,5967,21/07/15,4,80,1,Medical,travel_rarely,NO,1,82,0,3,1257,yes,m,Y,2,2,2,Remote worker,2,2,24,3,R&D,8716,,M,2,2,3,Laboratory Technician
832,9,17,5,9,2822,30/07/10,3,80,1,Technical Degree,Rarely,no,11,84,4,3,1485,no,MALE,Y,4,5,0,Average,5,0,28,3,Human Resources,15624,4,Married,3,3,2,Manager
833,40,15,1,12,2221,22/02/14,3,80,1,Medical,No Travel,N,15 km,90,0,3,667,YES,FEMALE,Y,3,2,0,Recently promoted,2,2,27,1,Research and Development,7449,4,DIVORCED,4,5,5,Research Scientist
834,2,20,6,0,8880,19/12/04,4,80,1,Technical Degree,travel_frequently,No,2,61,0,3,1340,N,m,Y,3,3,0,Top performer,4,0,30,2,research & development,14047,2,single,1,0,2,Manufacturing Director
835,5,23,2,2,14129,30/08/08,2,80,1,Other,Travel Rarely,no,8,75,0,3,977,0,M,Y,1,4,0,,5,0,36,2,Sales,16475,3,Single,4,2,4,Sales Representative
836,25,23,0,1,17543,07-26-2017,3,80,1,Life Sciences,Non Travel,No,3,65,1,4,1191,YES,Female,Y,4,4,0,New hire,3,2,39.0 years,3,Research & Development,$12354.0,3,DIVORCED,4,1,2,Manufacturing Director
837,,17,3,4,5888,12/09/04,3,80,1,Life Sciences,Non-Travel,NO,25,47,0,4,1111,No,FEMALE,Y,3,3,0,Meets expectations,2,0,50,2,research & development,$8326.0,4,single,4,2,5,Laboratory Technician
838,6,22,4,5,15499,12-15-2021,3,80,1,Human Resources,Travel_Rarely,NO,1,47,4,3,1114,0,Female,Y,3,4,2,,1,0,28,2,research & development,nan,2,MARRIED,2,5,4,Laboratory Technician
839,1,19,3,1,12352,04/08/21,4,80,1,Human Resources,travel_rarely,no,6,41,1,4,963,N,female,Y,2,5,1,New hire,1,0,45,1,Sales,4528,1,Married,3,0,4,Sales Representative
840,16,18,3,3,23684,21/07/23,3,80,1,Life Sciences,travel_rarely,Yes,1,75,1,3,1266,Yes,male,Y,4,5,3,Recently promoted,1,1,35.0 years,4,Research&Development,6988,1,M,3,3,2,Healthcare Representative
841,8,16,3,4,21654,11/09/14,4,80,1,Life Sciences,travel_rarely,NO,9,84,0,3,1469,No,FEMALE,Y,3,2,0,High potential,1,1,36,4,Sales,4750,2,Single,1,0,3,Sales Executive
842,14,12,3,-2,12117,02/06/07,4,80,1,Life Sciences,Travel_Rarely,no,1,67,2,3,878,N,M,Y,2,2,0,Remote worker,1,0,43,4,R&D,3543,2,Single,3,2,3,Healthcare Representative
843,6,18,0,0,23077,14/09/11,3,80,1,Other,Travel Rarely,no,2,31,0,3,1317,FALSE,male,Y,3,2,0,Transferred from other dept,1,2,26,3,R&D,8265,3,S,4,0,4,Laboratory Technician
844,2,22,1,1,14772,16/12/13,3,80,1,Life Sciences,Travel_Frequently,N,5,38,1,3,1104,YES,Male,Y,4,4,1,Excellent team player,2,2,40,1,Research&Development,$5262.0,3,MARRIED,4,0,1,Research Scientist
845,0,24,3,0,25950,05/11/05,2,80,1,Medical,non-travel,YES,19,34,0,4,1369,N,M,Y,3,1,0,On PIP,2,2,38.0 years,3,Research and Development,6891,4,MARRIED,2,0,5,Healthcare Representative
846,8,14,3,8,5993,06/02/17,3,80,1,Technical Degree,travel_rarely,No,1,48,8,3,413,no,MALE,Y,3,2,1,Good performer,1,1,41,3,Sales,4059,4,Single,2,0,4,Sales Executive
847,1,18,0,1,20982,03/03/19,2,80,1,Life Sciences,travel_rarely,NO,1,68,1,3,829,0,female,Y,2,0,1,,1,0,39,3,sales,8762,2,Married,2,1,2,Sales Representative
848,2,17,2,1,3666,21/09/13,3,80,1,Medical,travel_rarely,N,11,71,0,3,483,N,FEMALE,Y,3,3,0,Average,3,0,59,3,Research & Development,13710,1,DIVORCED,2,1,4,Research Scientist
849,5,14,2,3,18312,09/05/21,4,80,1,Life Sciences,non-travel,no,5,46,1,3,376,FALSE,M,Y,3,3,0,Flight risk,2,1,31,3,Research&Development,10240,4,S,3,3,3,Research Scientist
850,5,18,0,1,13273,05-22-2013,4,80,1,Technical Degree,travel_frequently,Yes,19,92,0,3,1195,1,M,Y,3,2,1,,2,2,32,1,Sale,7504,4,married,4,1,3,Sales Executive
851,3,21,4,1,16338,01-21-2016,3,80,1,Life Sciences,Rarely,no,1,75,1,3,1252,yes,F,Y,3,3,1,Top performer,2,3,31,1,Research&Development,11639,4,M,4,0,3,Research Scientist
852,1,21,3,1,6757,07/07/13,4,80,1,Medical,Frequently,N,8,49,1,3,1481,yes,f,Y,2,2,1,Remote worker,3,0,32,1,Research&Development,11552,3,Single,4,1,3,Manufacturing Director
853,28,22,3,14,13360,09/07/05,3,80,1,Medical,Rarely,No,2 km,99,5,3,797,no,m,Y,4,2,3,Needs improvement,2,0,31,2,H.R.,9465,2,SINGLE,3,0,4,Human Resources
854,1,21,1,0,19938,04-28-2006,3,80,1,Life Sciences,Travel_Rarely,NO,1,37,0,3,1343,N,Female,Y,3,5,0,Top performer,2,0,47,2,R&D,8269,3,M,3,0,3,Laboratory Technician
855,4,12,2,4,8115,10/01/23,3,80,1,Life Sciences,Travel Rarely,N,9,48,0,4,1129,YES,M,Y,3,3,3,Exceeded expectations,5,0,49,2,H.R.,16925,,Divorsed,4,1,3,Human Resources
856,3,19,1,3,7437,18/05/06,2,80,1,Life Sciences,travel_rarely,no,7,61,2,3,850,0,M,Y,2,2,1,Needs improvement,3,1,31,2,research & development,nan,2,Divorsed,4,2,4,Research Scientist
857,,16,1,2,24625,23/07/17,3,80,1,Life Sciences,Rarely,yes,11,48,0,3,1082,Y,female,Y,4,6,0,Recently promoted,2,3,29,2,Sale,7685,3,Married,4,0,4,Sales Representative
858,5,17,4,5,11272,23/02/09,3,80,1,Marketing,Travel_Rarely,no,2,53,1,3,723,No,Male,Y,3,2,1,Meets expectations,2,1,41,2,research & development,8912,1,married,3,0,1,Research Scientist
859,1,20,0,1,14126,02/11/05,3,80,1,Marketing,Travel Rarely,Yes,4,53,0,3,327,NO,Male,Y,2,3,1,Top performer,1,1,32,2,Research and Development,5550,3,married,4,1,4,Laboratory Technician
860,0,11,3,0,18471,14/08/14,4,80,1,Medical,travel_rarely,yes,4,85,0,3,116,1,FEMALE,Y,4,3,0,New hire,2,1,42,3,Research&Development,7952,3,M,3,0,3,Healthcare Representative
861,12,13,2,1,9115,10-29-2023,2,80,1,Medical,travel_rarely,No,29,47,1,3,111,NO,F,Y,2,2,0,Needs improvement,5,0,38,4,research & development,19264,3,Married,4,1,2,Manufacturing Director
862,12,24,3,1,4703,15/08/14,4,80,1,Medical,Travel Rarely,no,2,41,0,3,791,N,male,Y,3,3,0,New hire,2,2,23,4,Research and Development,3549,3,Single,4,1,2,Healthcare Representative
863,,20,3,0,13151,01/05/23,3,80,1,Marketing,Travel Rarely,YES,2,70,0,4,169,0,MALE,Y,3,2,0,Average,4,1,50,4,Research&Development,14764,3,married,2,0,3,Research Scientist
864,1,15,2,1,20802,07/10/15,4,80,1,Medical,Travel Rarely,no,3,77,0,4,207,FALSE,m,Y,4,3,1,Remote worker,2,0,53,3,Research&Development,9076,4,MARRIED,4,1,4,Research Scientist
865,4,22,3,3,6147,04/12/12,3,80,1,Life Sciences,Travel_Rarely,NO,6,93,3,3,300,Y,F,Y,2,2,0,,5,1,31,3,Sales,18720,3,MARRIED,2,0,3,Sales Representative
866,8,17,,6,3747,19/06/10,2,80,1,Life Sciences,Rarely,no,2,45,0,3,1175,yes,Male,Y,3,3,1,Exceeded expectations,2,1,33,1,Research&Development,7902,4,D,4,4,4,Manufacturing Director
867,12,11,2,1,10232,02/05/20,4,80,1,Medical,travel_frequently,No,19,52,1,3,728,No,M,Y,3,3,1,Good performer,1,0,39,4,Research & Development,5311,2,S,3,0,1,Laboratory Technician
868,0,19,1,0,17151,11/04/14,3,80,1,Medical,Rarely,NO,2,68,0,3,1382,No,F,Y,2,3,0,Average,2,0,40,4,R&D,9478,3,single,4,0,3,Manufacturing Director
869,8,15,2,1,12330,21/02/15,3,80,1,Medical,Travel Rarely,N,18,62,0,4,1387,no,m,Y,4,4,1,High potential,1,0,42,4,R&D,7236,1,Single,1,1,5,Laboratory Technician
870,3,23,1,3,18422,19/06/09,4,80,1,Life Sciences,non-travel,No,1,53,2,3,1005,NO,male,Y,4,0,3,Exceeded expectations,1,0,55.0 years,,Research and Development,4549,1,MARRIED,1,1,4,Research Scientist
871,9,22,1,1,13276,10/06/22,2,80,1,Medical,travel_rarely,Y,8,90,0,3,402,NO,male,Y,4,1,1,New hire,3,0,35.0 years,3,Research & Development,11400,2,MARRIED,4,0,2,Manufacturing Director
872,10,13,1,10,25427,17/12/10,3,80,1,Life Sciences,Rarely,No,19,84,5,3,1036,FALSE,female,Y,4,2,4,Remote worker,1,1,29,1,sales,7517,3,MARRIED,3,2,3,Sales Representative
873,24,17,4,2,20535,25/08/09,2,80,1,Life Sciences,Rarely,NO,1,90,0,3,675,TRUE,MALE,Y,3,6,0,Good performer,3,1,24,4,R&D,7813,,MARRIED,4,2,2,Laboratory Technician
874,5,20,1,5,5937,04/08/07,4,80,1,Medical,travel_rarely,Y,27,69,5,3,654,Y,male,Y,3,4,1,Top performer,1,1,30,2,R&D,nan,4,married,4,5,3,Healthcare Representative
875,7,18,2,2,8886,13/10/16,1,80,1,Life Sciences,Travel_Rarely,N,4,87,2,3,224,No,FEMALE,Y,3,5,2,,1,3,36,3,Saless,7198,4,MARRIED,3,2,4,Sales Executive
876,3,20,3,0,12282,09/02/14,2,80,1,Medical,Travel Rarely,YES,23,30,0,3,1393,FALSE,m,Y,3,2,0,Exceeded expectations,5,1,53,2,Sales,18638,2,Married,4,0,4,Sales Executive
877,3,20,0,3,2208,12-30-2007,2,80,1,Life Sciences,Rarely,No,9,54,2,3,958,FALSE,M,Y,3,3,3,Needs improvement,2,1,32,4,R&D,8783,4,MARRIED,1,3,2,Healthcare Representative
878,0,13,1,0,2599,11/08/12,4,80,1,Medical,non-travel,Y,2,82,0,3,844,NO,MALE,Y,3,3,0,Recently promoted,2,2,39,2,,7327,3,D,3,0,4,Sales Representative
879,3,17,1,3,5709,12-24-2010,3,80,1,Medical,Frequently,N,1,90,0,3,579,N,m,Y,3,3,0,New hire,2,1,36,4,Research & Development,$6677.0,4,Single,3,1,3,Laboratory Technician
880,0,17,0,0,26110,01/04/05,3,80,1,Life Sciences,travel_rarely,NO,2 km,75,0,3,231,no,MALE,Y,3,3,0,Needs improvement,2,0,47,3,Sale,7113,3,SINGLE,4,0,3,Sales Executive
881,33,14,1,0,18597,01-31-2018,2,80,1,Life Sciences,Travel_Rarely,No,1,89,0,3,1125,Y,m,Y,4,2,0,Transferred from other dept,4,0,59,3,research & development,$16322.0,1,married,4,0,3,Research Scientist
882,9,20,4,4,7723,05/09/20,3,80,1,Technical Degree,Rarely,no,1,80,3,3,214,FALSE,male,Y,4,3,0,Key talent,3,1,32,2,Saless,10057,3,divorced,2,4,3,Sales Representative
883,1,19,2,1,16004,08/05/19,3,80,1,Medical,travel_rarely,Yes,1,77,1,3,580,FALSE,male,Y,2,4,0,High potential,2,1,32,4,Human Resourses,8152,3,MARRIED,4,0,3,Human Resources
884,1,11,2,1,24936,06/05/23,3,80,1,Medical,Rarely,NO,4,69,1,4,1080,no,f,Y,3,2,1,Excellent team player,4,3,46,4,Research and Development,12869,4,S,4,1,3,Healthcare Representative
885,4,11,2,4,11768,10-25-2009,3,80,1,Life Sciences,travel_frequently,Y,12,36,3,3,1124,Yes,Female,Y,3,5,4,Recently promoted,1,1,43,3,Research & Development,6264,2,married,3,2,3,Research Director
886,,15,2,0,12316,27/06/20,3,80,1,Medical,Travel Rarely,N,1,48,0,3,430,No,f,Y,2,3,0,On PIP,2,2,53,,R&D,7191,3,Married,4,0,2,Healthcare Representative
887,3,23,1,0,24622,19/01/08,4,80,1,Medical,travel_frequently,YES,1,44,0,3,1041,NO,FEMALE,Y,4,3,0,On PIP,5,0,42,1,Research and Development,16853,,S,3,0,4,Laboratory Technician
888,6,13,2,6,26844,25/02/22,2,80,1,Medical,travel_rarely,No,8,99,6,3,1054,N,m,Y,1,3,1,Meets expectations,2,1,33,2,Research and Development,5474,3,married,4,2,3,Manufacturing Director
889,24,20,0,8,20792,05/09/23,3,80,1,Medical,travel_frequently,N,1,90,2,3,867,No,F,Y,3,3,0,Remote worker,3,3,42,3,research & development,8579,4,D,3,0,2,Laboratory Technician
890,8,23,2,8,9972,12-28-2020,3,80,1,Life Sciences,travel_rarely,no,1 km,85,0,3,490,0,Male,Y,4,2,1,Average,3,0,46,4,Research & Development,11011,4,married,2,6,4,Research Scientist
891,7,19,2,4,23162,09/09/09,3,80,1,Life Sciences,Travel Rarely,NO,1 km,39,1,3,933,FALSE,f,Y,3,3,1,New hire,3,0,nan,3,,9012,4,married,3,1,5,Research Scientist
892,16,15,4,9,19206,21/11/15,3,80,1,Marketing,Travel_Rarely,No,20,75,2,4,242,NO,Female,Y,3,1,1,Top performer,4,0,41,3,R&D,$17157.0,1,M,2,5,5,Laboratory Technician
893,0,17,2,0,24484,04-14-2009,3,80,1,Human Resources,Travel Rarely,No,13,86,0,3,427,0,Female,Y,4,6,0,Key talent,1,2,46,,Research and Development,1907,2,SINGLE,3,0,3,Healthcare Representative
894,2,11,2,2,20979,05/04/17,4,80,1,Life Sciences,Travel_Frequently,no,3,64,2,3,727,N,f,Y,4,2,1,,1,0,nan,4,Research&Development,$3799.0,1,Divorsed,2,2,2,Research Scientist
895,6,12,3,6,26501,25/01/05,3,80,1,Medical,Travel_Rarely,Y,8,32,6,3,476,1,m,Y,4,2,0,Top performer,2,1,49,3,sales,$8025.0,2,MARRIED,2,2,3,Sales Executive
896,12,21,6,0,17546,06/05/06,3,80,1,Life Sciences,No Travel,No,6,95,0,4,189,N,male,Y,3,5,0,Needs improvement,3,0,42,3,research & development,10452,3,M,4,0,2,Research Director
897,6,22,2,5,22337,06/10/15,4,80,1,Life Sciences,Frequently,no,9,82,0,3,907,YES,m,Y,3,2,2,Excellent team player,1,0,35,4,Research & Development,3343,3,married,3,0,5,Research Scientist
898,1,14,1,1,22215,18/02/09,3,80,1,Life Sciences,Travel_Rarely,yes,9,81,0,4,1120,FALSE,m,Y,4,2,1,,1,3,38,3,Saless,3563,,married,4,0,2,Sales Representative
899,26,19,3,0,12291,01-22-2022,3,80,1,Life Sciences,No Travel,no,7,82,0,3,1165,FALSE,male,Y,2,4,0,New hire,1,0,47,3,sales,$3514.0,3,married,3,0,2,Sales Executive
900,3,15,3,3,22967,06/11/09,4,80,1,Medical,travel_rarely,NO,2,83,1,3,1158,Y,female,Y,4,2,2,Needs improvement,5,0,29,4,R&D,16569,3,single,3,1,3,Research Scientist
901,15,15,2,1,13794,12/04/10,4,80,1,,Travel Rarely,NO,1,76,1,4,1111,FALSE,F,Y,4,1,0,On PIP,3,0,40,4,,13927,3,divorced,3,0,3,Manager
902,22,19,1,8,13659,07/06/21,4,80,1,Life Sciences,Travel_Frequently,No,4,32,1,3,652,Yes,m,Y,3,2,1,Recently promoted,2,1,33,4,Research and Development,8116,2,DIVORCED,4,0,4,Research Scientist
903,,18,4,4,24619,22/07/10,3,80,1,Life Sciences,None,No,17,94,2,3,223,NO,FEMALE,Y,1,4,2,Transferred from other dept,1,0,37,1,sales,6774,3,married,2,2,3,Sales Representative
904,,12,1,13,9983,27/09/20,3,80,1,Marketing,Rarely,Yes,6,44,0,3,156,0,Female,Y,1,2,2,,2,1,48.0 years,3,Research & Development,8760,1,D,3,0,2,Research Scientist
905,12,17,2,6,8500,14/11/19,4,80,1,Life Sciences,Frequently,N,14 km,63,2,3,905,FALSE,female,Y,2,3,1,Excellent team player,1,3,38,2,Research & Development,$6670.0,4,single,2,1,2,Research Scientist
906,23,11,4,2,24235,11/01/12,2,80,1,Medical,travel_rarely,N,29,79,2,3,334,0,f,Y,3,2,0,,1,0,37.0 years,2,R&D,nan,4,married,3,2,3,Research Scientist
907,2,20,3,0,3634,12/02/05,4,80,1,Life Sciences,Travel Frequently,No,1,62,0,3,707,No,MALE,Y,3,2,0,Exceeded expectations,4,0,24,3,SALES,13543,4,MARRIED,4,0,2,Sales Executive
908,26,21,0,7,16059,30/08/21,4,80,1,Medical,Travel Rarely,NO,9,32,0,3,491,NO,Female,Y,4,1,0,Remote worker,5,1,43,2,Research&Development,18960,3,Married,4,2,3,Research Scientist
909,0,21,4,0,6814,06/06/23,4,80,1,Life Sciences,Rarely,YES,8,31,0,3,1069,no,f,Y,4,6,0,Transferred from other dept,1,1,42,3,Research&Development,nan,3,Married,3,0,3,Manufacturing Director
910,15,19,1,5,19551,01/03/13,2,80,1,Life Sciences,travel_rarely,no,29,33,0,4,1466,0,MALE,Y,3,3,1,Good performer,1,0,56,,Research and Development,7643,3,married,2,0,4,Laboratory Technician
911,,13,5,0,6076,17/03/22,4,80,1,Life Sciences,Rarely,No,29,45,0,3,1299,Yes,Male,Y,4,1,0,High potential,1,1,34.0 years,4,Sale,7225,2,SINGLE,3,0,5,Sales Executive
912,1,23,2,1,10390,03/07/14,3,80,1,Life Sciences,Travel_Rarely,N,9,83,0,3,151,no,FEMALE,Y,3,2,0,Average,2,3,38,2,Sales,7296,3,married,4,1,4,Sales Executive
913,0,12,3,0,25342,20/11/16,3,80,1,Medical,Travel Rarely,no,2,62,0,3,588,NO,male,Y,2,2,0,Excellent team player,1,0,39.0 years,2,research & development,4245,4,Single,1,0,5,Research Director
914,4,14,3,4,7442,10-22-2013,4,80,1,Medical,travel_rarely,NO,12,38,0,3,104,N,f,Y,4,3,3,Remote worker,1,1,51,3,Research and Development,3479,1,MARRIED,4,1,2,Healthcare Representative
915,4,14,3,4,24744,21/11/19,3,80,1,Life Sciences,Rarely,No,1,86,2,3,731,FALSE,FEMALE,Y,2,2,0,Recently promoted,1,0,36,,research & development,$4055.0,3,S,4,2,2,Manufacturing Director
916,2,13,0,0,25083,30/11/19,2,80,1,Life Sciences,travel_rarely,YES,12,69,0,3,1332,yes,MALE,Y,4,2,0,Flight risk,3,1,39,2,Research and Development,9151,4,S,1,0,3,Healthcare Representative
917,2,12,3,2,5505,06/10/09,3,80,1,Medical,Travel_Rarely,no,19,81,0,3,316,NO,m,Y,3,4,2,Average,3,0,42,4,,11643,,MARRIED,3,2,4,Sales Executive
918,5,15,0,5,19186,20/03/23,2,80,1,Medical,Travel_Rarely,Yes,3,45,5,3,635,yes,Female,Y,3,2,1,Exceeded expectations,2,1,38,1,Research&Development,5815,3,M,2,5,5,Laboratory Technician
919,,14,2,5,26011,03-25-2016,3,80,1,Human Resources,Travel Rarely,N,7,37,0,3,1465,No,m,Y,4,0,0,,2,1,32,3,Research&Development,8905,,DIVORCED,2,1,4,Laboratory Technician
920,5,15,1,2,2502,01-24-2013,3,80,1,Medical,travel_rarely,No,4,89,2,3,837,NO,MALE,Y,3,1,2,Key talent,4,0,nan,2,research & development,14942,3,married,3,2,2,Laboratory Technician
921,20,23,0,15,14756,18/06/10,3,80,1,Medical,Rarely,N,4,65,1,3,829,NO,M,Y,4,2,0,Needs improvement,5,2,46,1,research & development,14508,4,married,2,3,5,Laboratory Technician
922,9,22,0,1,16262,14/05/20,2,80,1,Medical,Rarely,Yes,2,32,1,3,1334,N,Male,Y,3,1,0,New hire,1,1,27,1,Research & Development,7324,2,Divorced,4,1,3,Laboratory Technician
923,0,22,3,0,24209,03-19-2018,1,80,1,Technical Degree,Frequently,Yes,11,44,0,3,1149,FALSE,FEMALE,Y,4,2,0,Meets expectations,1,0,38,4,Research&Development,nan,4,married,4,0,1,Research Director
924,7,18,2,6,18141,06/08/19,3,80,1,Marketing,Travel Rarely,No,22,52,0,4,1375,NO,M,Y,3,3,0,Flight risk,2,3,30,4,Research & Development,nan,1,single,4,2,3,Healthcare Representative
925,14,21,2,1,12605,25/11/11,3,80,1,Life Sciences,Travel_Rarely,No,22,32,1,3,102,No,Female,Y,3,3,1,Remote worker,1,0,nan,4,research & development,3862,2,Married,3,1,1,Laboratory Technician
926,0,12,4,0,9939,06/10/12,3,80,1,Life Sciences,Rarely,N,1,59,0,4,1125,NO,male,Y,4,3,0,Average,2,1,23,3,Research and Development,8933,3,Divorsed,1,0,3,Manufacturing Director
927,5,19,4,5,24416,01-26-2019,4,80,1,Life Sciences,Travel Frequently,YES,16,74,5,3,1125,YES,m,Y,3,3,0,High potential,2,0,31,4,Research&Development,9689,3,MARRIED,3,0,3,Research Scientist
928,6,20,,5,25790,05/06/21,3,80,1,Medical,Travel Rarely,No,10 km,46,5,3,249,1,Female,Y,4,4,5,Average,2,1,40,2,Research and Development,7852,4,single,4,2,3,Research Scientist
929,30,11,2,0,6719,05/04/23,4,80,1,Marketing,Travel Rarely,yes,2,87,0,3,103,FALSE,Female,Y,4,2,0,,1,0,51,4,Sales,8002,2,single,3,0,3,Sales Executive
930,6,18,2,4,9748,28/12/18,2,80,1,Medical,Travel Frequently,No,1,87,1,4,567,No,MALE,Y,3,2,1,Needs improvement,2,0,36,3,Research & Development,8066,4,single,3,0,4,Laboratory Technician
931,13,22,2,4,4870,05-29-2008,2,80,1,Life Sciences,Travel Rarely,N,2,86,3,3,169,0,M,Y,4,1,3,Transferred from other dept,5,0,32,4,R&D,$18711.0,1,Married,3,1,3,Research Scientist
932,3,15,1,3,6758,01/12/17,2,80,1,Medical,Travel Rarely,Yes,19,36,2,3,300,no,Male,Y,3,5,3,High potential,1,1,53,2,Saless,5439,,MARRIED,2,0,3,Sales Representative
933,15,12,0,8,15038,06-14-2019,1,80,1,Marketing,Travel_Rarely,NO,8 km,68,8,3,407,FALSE,m,Y,1,3,0,Exceeded expectations,3,1,23,4,Saless,11878,3,Single,1,0,4,Sales Executive
934,3,18,1,1,7968,02/07/16,4,80,1,Life Sciences,Travel_Frequently,N,10,87,0,3,1375,no,Female,Y,3,1,1,Average,1,1,18.0 years,3,Research & Development,$2493.0,2,D,2,1,4,Laboratory Technician
935,5,15,3,5,13659,19/04/09,4,80,1,Medical,Rarely,No,2,85,1,3,1410,Yes,Male,Y,4,2,0,Good performer,1,2,nan,1,Research and Development,$5556.0,4,married,3,1,2,Research Scientist
936,6,20,,6,19482,03-17-2007,4,80,1,Medical,travel_rarely,No,10,44,3,3,1021,0,MALE,Y,1,3,0,Remote worker,2,3,32,3,Research&Development,6897,4,M,2,3,3,Research Scientist
937,,24,0,6,21553,20/02/14,3,80,1,Technical Degree,Travel_Rarely,No,1,73,0,3,391,no,Male,Y,4,0,1,Flight risk,1,1,27,2,Research & Development,3730,4,DIVORCED,3,0,2,Healthcare Representative
938,0,20,2,0,18766,12-13-2014,3,80,1,Technical Degree,travel_rarely,No,3,41,0,3,1277,0,F,Y,3,3,0,Good performer,1,1,43,1,R&D,7616,2,single,3,0,1,Laboratory Technician
939,2,23,0,2,9790,24/04/18,4,80,1,Medical,Frequently,NO,7,37,0,3,1023,NO,FEMALE,Y,2,5,0,Remote worker,1,0,39.0 years,3,Sale,4679,4,M,3,2,3,Manager
940,12,24,0,2,22324,07/05/08,3,80,1,Medical,Non-Travel,N,1,70,1,3,1256,NO,male,Y,3,1,0,On PIP,2,2,31,2,Saless,6495,3,M,1,2,4,Manager
941,8,13,3,6,11585,31/10/07,4,80,1,Technical Degree,Travel_Rarely,Y,13,63,3,3,982,FALSE,female,Y,2,2,0,Average,3,2,25,2,research & development,10461,4,D,4,0,2,Laboratory Technician
942,2,17,2,2,25836,09/02/15,2,80,1,Medical,Rarely,No,2,75,0,3,685,NO,MALE,Y,3,0,0,Average,1,0,44,3,Research and Development,3049,3,divorced,3,2,4,Research Scientist
943,3,14,1,2,24836,02-17-2006,3,80,1,Life Sciences,Frequently,N,8,58,0,4,1397,YES,M,Y,4,1,0,Top performer,3,1,42,2,R&D,$13150.0,,single,4,2,4,Healthcare Representative
944,4,21,6,4,6271,06/12/16,4,80,1,Marketing,travel_rarely,yes,4,45,4,3,608,FALSE,FEMALE,Y,2,3,4,,1,3,36,2,Research&Development,3956,4,divorced,3,1,4,Research Director
945,5,21,4,5,6323,04-21-2019,4,80,1,Life Sciences,travel_rarely,No,7,34,5,3,1476,FALSE,FEMALE,Y,3,0,0,Recently promoted,2,0,53,1,research & development,8793,4,single,1,2,2,Laboratory Technician
946,17,20,2,0,4038,23/12/12,4,80,1,,Rarely,N,1,34,0,3,104,FALSE,FEMALE,Y,3,2,0,Key talent,2,0,27,1,Sale,$10034.0,4,Divorced,1,0,4,Sales Representative
947,0,22,2,0,17977,30/11/13,3,80,1,Technical Degree,Travel_Rarely,Y,1,59,0,3,392,NO,MALE,Y,4,3,0,Key talent,3,0,23,4,Research & Development,10249,4,D,4,0,3,Manufacturing Director
948,22,16,2,0,7461,01/03/07,4,80,1,Medical,Travel Rarely,N,19,79,0,3,459,Yes,Male,Y,3,5,0,Good performer,5,0,30,4,,$17798.0,4,Single,3,0,3,Sales Executive
949,5,20,3,3,10063,08/10/16,2,80,1,Life Sciences,travel_rarely,N,2,34,0,3,313,0,f,Y,2,3,2,,4,0,36,4,Sale,12454,1,MARRIED,2,1,1,Sales Representative
950,,18,2,2,20369,20/04/10,2,80,1,Life Sciences,Rarely,Yes,13,42,0,3,1138,0,male,Y,4,1,2,Key talent,1,0,39,2,SALES,8668,,S,3,2,1,Sales Representative
951,7,11,0,0,3262,10/06/19,3,80,1,Life Sciences,Travel_Rarely,NO,29,78,0,3,1396,NO,M,Y,3,2,0,Excellent team player,4,0,34,4,research & development,15404,3,married,1,0,4,Manufacturing Director
952,10,12,6,10,7731,07-14-2015,4,80,1,Life Sciences,Travel_Rarely,No,1,79,4,3,662,no,Male,Y,3,3,3,Exceeded expectations,1,2,40,3,Research and Development,4711,,married,3,3,3,Research Scientist
953,0,24,1,0,23500,17/07/05,2,80,1,Life Sciences,travel_frequently,Y,2,43,0,3,864,Yes,female,Y,2,1,0,Top performer,5,0,nan,1,Research and Development,nan,4,married,2,0,2,Research Scientist
954,12,23,4,0,11903,03/02/20,3,80,1,Marketing,travel_frequently,YES,8,75,0,4,144,no,m,Y,4,2,0,Remote worker,1,0,49,4,Research & Development,4829,4,Divorced,4,0,2,Research Scientist
955,14,18,5,6,2349,13/06/12,3,80,1,Life Sciences,Travel Rarely,no,26,63,2,3,802,0,MALE,Y,3,6,6,,2,0,36,4,R&D,7490,4,married,2,6,3,Research Scientist
956,1,17,0,1,2440,23/09/14,3,80,1,Medical,travel_rarely,No,19,76,0,4,733,NO,f,Y,4,0,1,Transferred from other dept,1,0,47.0 years,4,Research and Development,$7929.0,3,M,4,0,1,Healthcare Representative
957,1,20,,1,21192,05-18-2005,2,80,1,Life Sciences,Travel Frequently,No,5,89,0,3,1310,NO,male,Y,2,2,1,Meets expectations,1,3,40,2,research & development,3161,3,Divorsed,3,1,4,Research Scientist
958,2,19,,2,15899,09/01/12,1,80,1,Other,Frequently,No,12 km,40,0,3,760,N,male,Y,3,4,0,Good performer,3,2,41,3,research & development,11202,,D,1,2,1,Research Scientist
959,15,12,1,1,20946,01/04/23,4,80,1,Life Sciences,travel_rarely,Yes,1 km,79,1,3,1293,Y,Male,Y,2,1,1,,4,1,42,1,SALES,13972,2,SINGLE,4,1,2,Sales Executive
960,3,18,1,0,5152,10/10/05,3,80,1,Life Sciences,Travel Rarely,no,29,33,0,3,820,NO,Male,Y,3,0,0,,2,1,41,2,research & development,7823,4,D,4,0,3,Laboratory Technician
961,15,16,2,6,26863,07/03/06,4,80,1,Life Sciences,travel_rarely,yes,26,70,4,3,693,no,M,Y,4,1,1,,3,1,42,4,Research&Development,10837,4,single,2,0,3,Laboratory Technician
962,7,11,3,4,12247,02/06/18,3,80,1,Medical,Rarely,YES,1 km,88,0,3,345,No,MALE,Y,2,3,0,New hire,3,0,48,2,Research & Development,10825,3,D,3,0,3,Research Scientist
963,14,14,2,14,20717,09/03/09,1,80,1,Medical,Rarely,NO,2,89,3,3,956,no,f,Y,2,6,2,Top performer,1,0,38,2,Human Resourses,6309,4,S,4,1,3,Human Resources
964,8,24,1,6,11614,08-31-2020,2,80,1,Medical,Travel Rarely,N,1,91,2,3,651,no,MALE,Y,3,3,0,On PIP,1,0,43,1,Research & Development,5913,,Single,4,1,5,Research Scientist
965,,12,0,4,18457,06/03/21,1,80,1,Medical,Travel_Rarely,N,2,54,4,3,142,1,f,Y,1,1,2,Top performer,1,3,36.0 years,3,Research and Development,5628,,M,4,1,3,Laboratory Technician
966,24,17,4,23,25928,25/06/08,1,80,1,Life Sciences,Rarely,N,13,62,4,3,940,no,MALE,Y,3,2,4,Meets expectations,2,0,49,4,Research and Development,3449,2,MARRIED,4,2,1,Research Scientist
967,12,19,2,2,8949,17/07/16,2,80,1,Medical,Rarely,yes,3,48,2,4,278,yes,male,Y,3,3,1,Flight risk,1,1,30,3,SALES,5449,4,M,2,0,3,Manager
968,6,16,1,0,4205,03/12/11,3,80,1,Medical,None,no,1,86,0,4,634,0,male,Y,4,3,0,High potential,1,0,53,2,Sales,$2516.0,1,Single,4,0,4,Sales Executive
969,10,14,0,1,19855,14/09/18,4,80,1,Life Sciences,Rarely,no,3,44,0,3,706,0,MALE,Y,1,3,0,Transferred from other dept,1,0,36,3,research & development,$5969.0,3,Married,2,0,3,Research Scientist
970,9,15,1,1,21865,10/04/15,4,80,1,Life Sciences,Travel_Rarely,No,29,70,1,3,771,FALSE,F,Y,4,3,1,Average,1,1,24,3,Research&Development,7211,2,D,1,1,1,Manufacturing Director
971,4,21,1,3,25922,28/02/19,4,80,1,Life Sciences,Frequently,No,7,98,0,3,1367,0,male,Y,3,6,1,Transferred from other dept,4,0,38,4,Research & Development,12610,4,M,4,0,4,Research Scientist
972,5,11,0,0,21564,11/08/21,3,80,1,Life Sciences,Travel_Rarely,no,4,89,0,3,1026,0,M,Y,2,2,0,Needs improvement,1,3,30,3,Research&Development,4607,2,Single,2,0,3,Manufacturing Director
973,3,23,4,1,15133,09/11/07,1,80,1,Medical,travel_rarely,NO,1,51,0,4,116,TRUE,female,Y,2,2,1,Excellent team player,2,0,nan,2,Sale,7100,3,married,3,1,3,Sales Executive
974,40,14,3,1,20114,02/09/04,3,80,1,Life Sciences,Travel_Rarely,N,29,72,1,3,1235,1,Female,Y,4,4,0,Meets expectations,2,0,31,2,Sale,9853,3,S,3,0,1,Sales Representative
975,8,23,2,0,2035,11/11/08,2,80,1,Life Sciences,Travel Rarely,YES,13,61,0,3,925,FALSE,Female,Y,3,2,0,New hire,2,1,32,4,Human Resources,8142,4,Divorced,4,0,2,Human Resources
976,,20,4,0,19404,04/06/09,4,80,1,Life Sciences,travel_rarely,YES,2,42,0,3,646,No,MALE,Y,3,2,0,Excellent team player,1,2,19,,R&D,7592,3,Divorsed,3,0,3,Research Director
977,7,13,3,0,7534,17/12/06,2,80,1,Human Resources,Travel_Rarely,no,1,67,0,4,1153,N,f,Y,1,3,0,Flight risk,1,0,32,4,Research&Development,nan,4,M,3,0,2,Research Scientist
978,0,19,3,0,25545,04/09/05,2,80,1,Technical Degree,Travel_Rarely,no,1,55,0,3,1315,N,Male,Y,2,2,0,,1,1,18,2,Research and Development,26815,3,Married,1,0,3,Research Scientist
979,3,16,0,1,10009,02/07/19,1,80,1,Life Sciences,Travel_Frequently,N,1,34,0,4,536,No,male,Y,3,2,0,New hire,2,2,22,4,Saless,8102,2,divorced,2,1,3,Sales Executive
980,5,14,1,5,12952,03/11/12,4,80,1,Life Sciences,Non-Travel,NO,6,78,2,3,278,No,male,Y,3,5,1,Exceeded expectations,1,0,43.0 years,1,Sale,6226,3,MARRIED,4,1,2,Manager
981,7,13,4,0,21501,06/10/17,4,80,1,Life Sciences,Travel_Rarely,NO,21,34,0,3,715,yes,Male,Y,4,1,0,Exceeded expectations,2,3,44,,research & development,5393,3,D,3,0,5,Healthcare Representative
982,37,22,1,10,4535,19/02/21,3,80,1,Medical,Travel_Rarely,YES,5,77,4,3,776,No,Male,Y,4,2,0,,3,0,40.0 years,3,Research & Development,11128,3,M,2,2,4,Research Scientist
983,40,23,0,4,23098,07/06/10,3,80,1,Life Sciences,Travel Rarely,NO,14,47,3,3,733,Y,m,Y,3,0,4,Top performer,2,0,28,3,R&D,7894,4,DIVORCED,3,2,4,Research Scientist
984,1,14,0,1,26721,02/05/15,1,80,1,Medical,Travel Rarely,Yes,4,35,0,4,1257,NO,Female,Y,2,4,0,Top performer,2,1,36,3,Research and Development,9088,3,MARRIED,2,1,1,Laboratory Technician
985,7,18,2,3,6963,11/06/23,2,80,1,Medical,Travel Frequently,no,9,95,0,3,901,NO,MALE,Y,4,2,0,Good performer,2,0,36,,Saless,7718,1,M,3,0,1,Sales Executive
986,16,22,1,2,14707,06-26-2009,3,80,1,Technical Degree,Travel_Frequently,No,10,71,0,3,411,TRUE,m,Y,3,4,0,On PIP,3,1,26,2,R&D,9441,2,divorced,1,0,3,Research Scientist
987,2,15,0,0,24475,01/03/11,3,80,1,Life Sciences,travel_rarely,no,1,81,0,3,124,NO,Male,Y,4,1,0,High potential,1,1,50,4,SALES,5011,4,M,2,0,2,Sales Executive
988,13,23,1,7,14860,25/07/13,3,80,1,Marketing,Travel Rarely,No,3,40,7,3,470,no,female,Y,4,2,0,New hire,3,0,44,3,research & development,9375,4,MARRIED,3,7,5,Laboratory Technician
989,21,21,2,13,16247,01-16-2005,3,80,1,Marketing,Rarely,Y,8 km,55,7,3,624,N,Male,Y,3,3,1,Remote worker,3,3,35.0 years,4,Sale,8112,2,Single,4,4,2,Manager
990,10,11,1,10,19410,02/02/23,4,80,1,Life Sciences,Frequently,YES,1,50,0,3,1442,1,MALE,Y,3,2,1,Remote worker,2,1,37,3,Research & Development,9090,1,married,3,0,3,Research Director
991,3,15,3,3,22049,02/02/12,3,80,1,Life Sciences,Travel_Rarely,no,3,95,3,3,329,0,FEMALE,Y,2,2,2,Good performer,1,1,38,4,Sales,5868,2,M,3,3,3,Sales Executive
992,25,18,2,2,19670,16/06/09,4,80,1,Life Sciences,travel_rarely,no,6,69,2,3,1225,NO,female,Y,3,3,0,Exceeded expectations,2,0,18,3,Research&Development,8700,4,S,2,0,3,Laboratory Technician
993,21,21,2,3,21230,19/05/13,3,80,1,Life Sciences,No Travel,no,29,85,0,3,477,no,m,Y,3,2,2,Meets expectations,1,0,34,2,R&D,6954,1,Single,3,3,2,Healthcare Representative
994,12,22,3,5,10512,02/12/05,4,80,1,Life Sciences,Non-Travel,No,5,80,1,3,987,FALSE,female,Y,3,5,0,Key talent,1,1,30,3,R&D,4002,3,Married,4,0,3,Research Scientist
995,4,14,2,4,26158,03/03/17,3,80,1,Medical,travel_rarely,NO,13,49,1,3,1326,NO,Female,Y,3,2,4,Transferred from other dept,1,2,27,3,Research and Development,2853,2,married,3,3,2,Manufacturing Director
996,15,24,2,2,15887,06/01/07,3,80,1,Medical,Rarely,no,4,86,2,3,1390,No,female,Y,4,3,2,On PIP,1,0,34,3,Research&Development,4894,4,married,2,2,4,Laboratory Technician
997,3,12,1,3,4293,17/02/22,3,80,1,Human Resources,Travel Rarely,N,12,34,1,3,561,FALSE,m,Y,2,4,1,Transferred from other dept,2,1,53,4,Research & Development,7478,1,S,4,3,1,Research Scientist
998,2,23,3,1,19996,23/11/16,2,80,1,Life Sciences,Travel_Rarely,N,7,43,1,3,464,No,F,Y,2,2,1,Recently promoted,3,1,42,3,H.R.,9736,2,M,3,1,4,Human Resources
999,7,13,2,3,18860,12/11/22,2,80,1,Other,Travel_Rarely,NO,17 km,53,1,3,203,no,male,Y,3,2,0,Recently promoted,1,0,31,4,research & development,4880,4,SINGLE,2,3,4,Research Scientist
1000,40,24,1,16,25810,04-19-2008,2,80,1,Life Sciences,travel_rarely,NO,4,97,0,3,1234,no,m,Y,3,2,3,Transferred from other dept,4,2,42,,Sales,nan,3,M,3,2,2,Sales Representative
1001,16,21,3,13,13356,11/08/12,3,80,1,Marketing,Travel_Rarely,NO,7,81,1,3,527,FALSE,M,Y,3,6,1,Flight risk,5,0,49,1,HR,14245,4,Single,2,3,4,Human Resources
1002,13,19,,5,12018,03-13-2021,2,80,1,Life Sciences,Travel_Rarely,Y,7,77,4,3,568,yes,m,Y,3,3,1,Flight risk,5,0,45,4,Research & Development,16338,,single,1,1,1,Research Scientist
1003,6,24,0,1,14820,22/01/10,3,80,1,Life Sciences,Travel Frequently,NO,4,76,1,3,1114,FALSE,m,Y,3,3,0,Recently promoted,3,0,37,4,Sale,$9295.0,3,S,4,0,5,Sales Executive
1004,3,17,0,1,17933,23/11/18,4,80,1,Technical Degree,Rarely,no,1,89,1,3,969,no,F,Y,1,2,1,Exceeded expectations,2,0,31,1,Research & Development,nan,2,married,3,1,3,Healthcare Representative
1005,19,13,3,0,3947,08/09/23,4,80,1,Life Sciences,Rarely,No,1,32,0,3,869,YES,male,Y,2,0,0,High potential,1,0,43,1,R&D,$4015.0,3,S,4,0,3,Laboratory Technician
1006,,15,1,6,21715,09/05/16,3,80,1,Medical,travel_frequently,Y,1,38,1,3,779,yes,M,Y,3,3,1,High potential,2,2,40,3,research & development,9667,1,Married,4,0,3,Laboratory Technician
1007,16,13,1,3,23644,04/09/07,2,80,1,Medical,Non Travel,No,16,53,1,3,904,yes,male,Y,2,5,0,Transferred from other dept,2,1,nan,1,SALES,10405,1,MARRIED,3,0,1,Sales Representative
1008,6,20,1,4,17310,07/02/20,2,80,1,Medical,Rarely,Y,2,33,0,3,985,no,m,Y,2,1,2,Remote worker,3,0,42,3,Research&Development,12019,2,MARRIED,4,0,5,Laboratory Technician
1009,14,14,1,3,24450,09/06/07,2,80,1,Medical,travel_rarely,no,1,38,3,3,660,No,female,Y,1,4,1,New hire,5,1,46,4,Research and Development,14673,3,married,4,3,1,Research Scientist
1010,20,22,5,3,18303,08-25-2015,3,80,1,,Travel Rarely,Yes,10 km,30,1,3,1373,N,MALE,Y,3,2,2,Flight risk,2,1,32,2,research & development,10257,,Divorced,3,1,3,Manufacturing Director
1011,4,18,1,4,17014,11/12/11,4,80,1,Life Sciences,travel_rarely,no,3,64,1,3,430,FALSE,M,Y,4,4,2,Remote worker,1,0,48,2,Sale,nan,3,Single,2,0,3,Sales Executive
1012,0,24,2,0,26031,06-25-2008,2,80,1,Medical,Frequently,no,5,41,0,3,686,No,M,Y,4,2,0,Average,1,0,38.0 years,4,research & development,5028,3,Married,4,0,5,Research Scientist
1013,2,13,0,0,23853,02/04/18,3,80,1,Technical Degree,Travel_Rarely,N,1 km,47,0,3,300,Yes,Male,Y,4,3,0,,1,0,55,1,sales,6984,1,S,1,0,2,Sales Representative
1014,24,13,2,8,19977,15/12/22,3,80,1,Life Sciences,Travel Rarely,no,25,39,4,4,553,No,m,Y,1,5,0,New hire,2,0,30,4,Sale,7172,2,SINGLE,2,3,3,Sales Executive
1015,11,21,2,2,11939,04/02/17,2,80,1,Life Sciences,Frequently,no,15 km,47,2,3,925,N,f,Y,4,3,2,Recently promoted,2,2,52,2,Saless,5200,1,Married,3,2,3,Sales Executive
1016,13,21,3,6,16465,14/07/16,4,80,1,Medical,No Travel,Y,15,53,4,3,210,N,female,Y,3,5,1,,3,1,38.0 years,3,sales,9859,1,M,4,1,4,Sales Executive
1017,3,18,3,3,12225,03/01/06,3,80,1,Medical,travel_rarely,NO,4,30,2,3,963,No,MALE,Y,4,2,2,,2,3,31.0 years,2,Sale,10593,1,Divorsed,4,0,1,Sales Executive
1018,,20,1,1,9704,12/11/17,4,80,1,Life Sciences,Rarely,Y,11,45,0,3,1007,yes,f,Y,4,6,1,Transferred from other dept,4,2,32,4,R&D,11763,2,married,3,1,2,Manufacturing Director
1019,10,23,0,0,24538,30/10/20,3,80,1,Life Sciences,Travel_Rarely,no,1,44,0,3,1332,No,FEMALE,Y,3,4,0,Key talent,2,0,34,3,Research&Development,7999,4,D,2,0,2,Laboratory Technician
1020,1,20,2,1,18640,25/03/21,1,80,1,Medical,Travel_Rarely,N,1,91,0,4,132,No,Female,Y,1,1,1,Transferred from other dept,3,2,40,4,Research&Development,11051,3,S,3,1,4,Laboratory Technician
1021,34,17,2,1,8512,03/08/04,3,80,1,Life Sciences,Travel_Frequently,yes,1,34,1,4,654,FALSE,M,Y,3,2,1,Meets expectations,1,0,41,3,R&D,4230,3,Single,4,0,2,Manufacturing Director
1022,4,17,6,4,4991,10-26-2010,1,80,1,Medical,Travel_Rarely,No,7,74,4,3,206,1,MALE,Y,3,5,3,Top performer,4,0,31,4,Research & Development,13334,4,single,2,4,3,Research Scientist
1023,3,20,3,0,19801,26/08/14,3,80,1,Marketing,Travel Rarely,NO,4,81,0,3,1388,0,m,Y,2,1,0,Exceeded expectations,3,1,36,3,Research and Development,11108,4,SINGLE,3,0,2,Research Scientist
1024,4,12,2,0,26144,06/12/08,4,80,1,Life Sciences,Rarely,No,5 km,36,0,3,325,Yes,F,Y,2,3,0,Top performer,1,0,56.0 years,4,research & development,4156,3,married,3,0,4,Laboratory Technician
1025,0,22,4,0,9965,01/02/12,4,80,1,Medical,Travel_Frequently,Yes,1,56,0,3,586,N,FEMALE,Y,3,3,0,High potential,1,0,52.0 years,2,human resources,2866,2,married,4,0,5,Human Resources
1026,,17,4,4,15730,14/03/13,3,80,1,Other,Non Travel,NO,4,42,4,3,278,Yes,MALE,Y,2,0,1,High potential,4,1,40.0 years,3,Research&Development,14322,4,single,3,3,3,Research Director
1027,2,20,1,2,22498,17/08/17,3,80,1,Medical,Travel_Rarely,No,10,46,2,3,1345,NO,male,Y,4,4,0,Transferred from other dept,1,2,37,3,SALES,6610,4,divorced,1,2,3,Sales Representative
1028,16,21,,4,10301,12/07/07,3,80,1,Technical Degree,Travel_Rarely,No,4,73,0,3,1493,Yes,F,Y,2,2,3,Exceeded expectations,2,0,38,1,Research & Development,9304,4,Divorced,4,4,2,Research Scientist
1029,5,20,2,5,20936,10/11/21,2,80,1,Medical,travel_rarely,no,10 km,42,1,3,736,No,FEMALE,Y,3,2,1,Good performer,1,0,42,,Research and Development,3785,3,S,1,5,1,Research Scientist
1030,6,13,3,0,11249,04/11/17,1,80,1,Marketing,Rarely,YES,2 km,34,0,3,887,YES,female,Y,2,3,0,,3,1,27,4,SALES,9123,3,SINGLE,3,0,2,Sales Executive
1031,10,24,0,4,23791,02/01/16,2,80,1,Life Sciences,Travel Rarely,Y,13,62,1,3,266,FALSE,f,Y,4,3,0,Top performer,3,1,34,3,Research&Development,10573,3,SINGLE,3,2,3,Research Scientist
1032,14,17,1,8,16155,05/05/04,3,80,1,Life Sciences,travel_rarely,yes,7,33,2,3,762,No,MALE,Y,3,4,3,High potential,2,0,21,2,Research&Development,10351,3,S,1,1,3,Research Scientist
1033,2,23,4,2,23117,05-28-2009,3,80,1,Life Sciences,travel_rarely,NO,1,55,2,3,399,No,male,Y,2,3,1,Recently promoted,2,3,40,2,research & development,$8968.0,3,SINGLE,1,2,5,Laboratory Technician
1034,33,14,3,7,18080,21/04/19,2,80,1,Life Sciences,Travel Rarely,Yes,2,97,0,3,134,Yes,female,Y,3,2,1,Transferred from other dept,5,1,42,2,R&D,18055,4,married,1,4,3,Healthcare Representative
1035,9,23,3,9,4042,03-27-2022,4,80,1,,Travel_Rarely,No,7,45,2,3,506,0,M,Y,1,3,0,Remote worker,3,1,32,4,Sale,12334,4,Single,3,6,4,Sales Representative
1036,0,18,1,0,20565,27/07/22,1,80,1,Life Sciences,Travel_Rarely,yes,14,51,0,3,413,yes,male,Y,4,4,0,Remote worker,4,3,51,3,Saless,14631,3,married,2,0,3,Sales Executive
1037,5,18,1,5,16834,18/11/08,2,80,1,Medical,None,yes,4,65,1,4,915,0,FEMALE,Y,3,5,0,Remote worker,2,3,25,2,research & development,8180,3,divorced,1,0,3,Laboratory Technician
1038,,16,2,5,6492,24/07/05,3,80,1,Medical,Travel_Rarely,YES,2,87,5,3,842,no,Male,Y,2,3,1,Flight risk,1,0,23,3,Research and Development,5993,4,Married,2,0,2,Laboratory Technician
1039,,23,2,7,5558,25/12/12,4,80,1,Medical,travel_rarely,no,16,84,4,3,826,no,f,Y,3,3,2,Good performer,2,0,39,1,Research and Development,nan,2,Divorsed,3,0,3,Healthcare Representative
1040,3,22,7,3,11813,03-29-2019,4,80,1,Life Sciences,travel_frequently,yes,8,64,2,3,925,TRUE,MALE,Y,2,2,1,Key talent,3,2,46,2,Research&Development,8878,4,SINGLE,4,1,3,Healthcare Representative
1041,4,13,1,3,5658,02/11/06,3,80,1,Medical,travel_rarely,YES,4,54,0,3,1224,YES,FEMALE,Y,3,4,3,On PIP,1,3,52.0 years,3,,6084,,Married,3,3,4,Healthcare Representative
1042,,16,2,0,18319,31/08/04,2,80,1,Life Sciences,Travel Rarely,yes,5,90,0,4,668,No,m,Y,3,4,0,,1,1,32,4,Research&Development,6856,1,M,3,0,5,Laboratory Technician
1043,,16,3,1,21078,12/04/16,4,80,1,Life Sciences,Travel_Rarely,NO,1 km,47,0,3,1338,Yes,m,Y,4,1,0,Excellent team player,1,0,46,4,research & development,3322,3,S,3,1,3,Manufacturing Director
1044,12,13,4,1,5884,22/03/09,4,80,1,Other,Travel_Rarely,no,7,87,1,3,675,no,female,Y,4,3,-1,Remote worker,2,1,36,4,research & development,9232,4,S,4,1,1,Research Scientist
1045,10,21,2,2,6780,09/08/12,4,80,1,Life Sciences,Travel_Rarely,no,3,86,0,3,161,FALSE,MALE,Y,3,3,0,Good performer,3,0,35,4,,13521,2,Married,2,2,3,Laboratory Technician
1046,0,14,1,0,21668,01/01/21,4,80,1,Life Sciences,Travel_Rarely,yes,29,92,0,3,468,NO,female,Y,3,1,0,,1,3,44,1,,4996,1,M,3,0,3,Sales Executive
1047,1,12,2,1,7952,07/10/15,1,80,1,Technical Degree,None,Yes,5,41,0,3,1491,0,F,Y,4,3,1,Key talent,3,0,42,1,Research and Development,9772,3,married,3,0,2,Laboratory Technician
1048,4,11,0,4,9517,10/09/13,4,80,1,Life Sciences,Rarely,no,5,40,0,3,193,NO,male,Y,4,2,0,High potential,4,3,22,1,HR,14184,4,married,3,0,4,Human Resources
1049,13,12,2,7,24546,27/05/12,4,80,1,Medical,travel_rarely,NO,6 km,42,3,3,1083,YES,M,Y,4,3,5,Meets expectations,1,0,50,3,sales,4174,2,M,3,1,5,Sales Executive
1050,17,17,1,17,7106,11/12/14,3,80,1,Life Sciences,travel_rarely,No,19,64,6,3,1149,no,Male,Y,4,2,0,Excellent team player,3,3,nan,,Research&Development,10074,4,S,4,4,5,Research Scientist
1051,0,20,4,0,20550,08/09/17,4,80,1,Life Sciences,Travel Rarely,Yes,12,56,0,3,1244,0,MALE,Y,4,2,0,New hire,5,0,31,4,research & development,17649,3,M,4,0,2,Research Scientist
1052,3,15,1,3,6397,12/07/08,3,80,1,Life Sciences,travel_rarely,no,4,96,3,3,149,FALSE,F,Y,2,1,3,Good performer,5,2,40,3,sales,14594,1,S,3,3,4,Sales Executive
1053,5,19,2,0,26052,30/05/04,2,80,1,Life Sciences,Travel_Rarely,Y,10 km,74,0,3,982,1,Female,Y,2,3,0,Transferred from other dept,1,3,41,3,Sale,$2834.0,2,Single,3,0,4,Sales Executive
1054,24,13,2,2,14643,18/08/21,3,80,1,Medical,travel_rarely,No,7,96,1,3,863,no,f,Y,3,2,1,,1,1,39,3,Sales,5028,2,Divorsed,4,2,3,Sales Executive
1055,6,12,3,3,16822,08/04/04,4,80,1,Medical,travel_rarely,YES,5,51,3,3,135,0,female,Y,4,4,2,Flight risk,1,1,32,1,Research and Development,$4966.0,4,Married,3,3,3,Research Scientist
1056,3,14,2,0,21776,13/06/21,3,80,1,Medical,Frequently,no,1,71,0,3,1412,0,Male,Y,1,0,0,High potential,3,0,30,4,Human Resourses,$11515.0,4,married,4,0,4,Human Resources
1057,4,12,3,4,12462,01/08/13,3,80,1,Human Resources,Travel_Rarely,NO,4,49,3,3,199,No,F,Y,3,4,1,Top performer,3,1,36,4,,13812,2,SINGLE,4,0,3,Research Director
1058,5,21,1,0,5711,12/04/23,3,80,1,Life Sciences,Travel Rarely,Y,2,77,0,3,1447,No,FEMALE,Y,4,3,0,New hire,3,2,47,3,Sale,11156,3,married,1,0,3,Sales Executive
1059,11,17,0,2,24263,05/01/12,2,80,1,Medical,Travel Rarely,yes,19,47,0,3,428,1,f,Y,4,5,2,Key talent,1,0,41.0 years,4,Sale,$5897.0,4,Single,3,1,3,Sales Executive
1060,0,20,1,0,3586,18/12/17,3,80,1,Medical,Travel Frequently,YES,3,99,0,3,805,Yes,f,Y,3,2,0,High potential,1,2,33,3,R&D,3536,3,single,4,0,3,Laboratory Technician
1061,4,16,2,3,11406,30/07/11,3,80,1,Technical Degree,non-travel,NO,24,35,0,4,320,1,Male,Y,3,1,0,Meets expectations,2,1,43,2,Sale,$9151.0,2,single,4,3,2,Sales Representative
1062,10,18,2,4,9138,30/03/14,2,80,1,Life Sciences,No Travel,no,6,68,3,4,666,no,Female,Y,2,3,4,Flight risk,2,0,18,1,Research & Development,7210,1,Divorced,4,0,4,Manufacturing Director
1063,3,23,1,3,9662,07/01/15,4,80,1,Medical,No Travel,N,7,40,3,3,1095,FALSE,male,Y,4,3,1,,3,0,47,2,HR,11107,4,MARRIED,4,3,3,Human Resources
1064,8,15,0,2,9404,12/07/12,4,80,1,Technical Degree,No Travel,No,6,54,2,3,1121,no,m,Y,4,2,1,On PIP,2,0,21,3,Research&Development,7836,3,Married,3,1,3,Laboratory Technician
1065,4,12,1,4,15333,08/01/14,1,80,1,Life Sciences,Frequently,No,1,84,0,3,209,NO,m,Y,4,0,3,Exceeded expectations,1,0,33,1,H.R.,nan,3,married,2,4,1,Human Resources
1066,14,23,1,6,11837,22/09/21,3,80,1,Technical Degree,Travel_Rarely,no,3,87,0,4,248,no,female,Y,4,2,2,Excellent team player,1,3,nan,4,Research and Development,3035,3,Divorced,4,1,3,Manufacturing Director
1067,,14,0,0,11542,05/05/15,3,80,1,Life Sciences,Rarely,no,1,66,0,3,505,0,FEMALE,Y,1,2,0,Good performer,1,1,25,4,Sales,1575,2,SINGLE,1,0,2,Sales Representative
1068,25,11,3,1,17904,11/06/14,3,80,1,Marketing,Travel_Frequently,no,7,45,1,3,798,No,female,Y,3,2,1,Flight risk,1,0,47,1,research & development,4679,2,SINGLE,4,0,1,Healthcare Representative
1069,1,12,0,0,10556,03/09/19,3,80,1,Human Resources,Frequently,yes,4,99,0,3,1116,FALSE,F,Y,2,3,0,Top performer,1,0,32,2,Research & Development,nan,4,Married,4,0,3,Healthcare Representative
1070,1,14,0,0,22323,06/08/10,3,80,1,Medical,Travel_Frequently,N,12,66,0,3,1252,No,M,Y,4,3,0,Top performer,1,1,40,4,Research&Development,5228,4,Divorced,4,0,3,Laboratory Technician
1071,18,16,1,7,15355,18/04/10,3,80,1,Medical,Travel Rarely,YES,1,82,0,3,207,yes,Female,Y,1,5,7,Key talent,1,0,36,4,Sale,6848,3,Divorced,3,3,3,Sales Executive
1072,20,14,0,2,14806,13/03/14,2,80,1,Life Sciences,Travel Frequently,YES,1,45,0,3,488,1,male,Y,2,1,0,Top performer,1,0,41,3,Research & Development,5656,1,S,1,0,1,Laboratory Technician
1073,0,14,,0,21583,20/10/22,2,80,1,Technical Degree,Travel Frequently,Y,4,47,0,3,524,FALSE,male,Y,4,3,0,Key talent,3,0,37,,R&D,nan,3,divorced,3,0,3,Healthcare Representative
1074,23,24,2,1,11818,06/06/21,3,80,1,Medical,Rarely,no,20,48,1,3,546,Y,Male,Y,4,2,1,High potential,1,2,25,4,research & development,1511,3,divorced,2,0,2,Research Scientist
1075,3,21,0,3,16864,09-23-2022,1,80,1,Life Sciences,Travel Rarely,No,9 km,73,1,3,1017,NO,FEMALE,Y,4,2,1,Top performer,3,0,45,3,HR,10644,3,SINGLE,4,0,5,Manager
1076,9,20,2,4,25325,07/01/11,3,80,1,Medical,travel_frequently,no,4,31,4,4,1191,FALSE,female,Y,3,3,0,,3,0,32,1,Research & Development,12541,,married,3,4,3,Research Scientist
1077,0,20,1,0,2981,11/06/22,1,80,1,Medical,Travel_Rarely,NO,5,87,0,4,1189,0,m,Y,2,4,0,Recently promoted,2,3,22,4,research & development,7411,1,M,4,0,3,Laboratory Technician
1078,4,12,1,4,12228,28/09/17,3,80,1,Life Sciences,Rarely,no,1,39,4,4,755,yes,male,Y,3,6,0,,5,0,nan,2,Research and Development,17042,3,Divorsed,2,2,3,Healthcare Representative
1079,5,19,,0,5552,04/01/10,2,80,1,Life Sciences,Travel Rarely,NO,29,75,0,3,420,N,FEMALE,Y,4,4,0,High potential,1,2,50,1,Research and Development,nan,2,SINGLE,4,0,1,Research Scientist
1080,,22,1,1,19305,05/11/14,3,80,1,Life Sciences,Travel Rarely,no,8,48,1,3,818,FALSE,male,Y,3,2,1,Key talent,3,0,44,3,Research&Development,9477,3,Divorced,4,0,5,Laboratory Technician
1081,7,20,2,2,13938,25/08/21,4,80,1,Medical,Travel_Frequently,No,2,67,0,3,827,No,f,Y,4,2,0,Top performer,5,0,33,1,research & development,17934,3,Married,4,1,2,Research Scientist
1082,6,18,2,1,18318,06/09/05,3,80,1,Medical,Travel Rarely,YES,7,66,1,3,679,no,F,Y,1,4,1,Excellent team player,4,0,nan,4,Sales,16455,3,MARRIED,2,1,3,Sales Executive
1083,32,18,1,9,22042,26/11/17,3,80,1,Medical,Travel Rarely,no,1,74,5,3,546,NO,M,Y,3,3,0,Good performer,1,0,34,3,SALES,$4740.0,1,MARRIED,1,0,3,Sales Executive
1084,2,15,0,2,22379,01-31-2020,3,80,1,Marketing,Travel_Rarely,Y,27,63,0,3,309,N,MALE,Y,4,2,0,Needs improvement,1,0,55,4,Research&Development,3306,3,MARRIED,4,2,1,Laboratory Technician
1085,1,13,0,1,25448,15/02/16,4,80,1,Technical Degree,Travel_Frequently,no,1,31,0,4,948,N,FEMALE,Y,1,3,1,Remote worker,1,0,40,2,research & development,4900,4,D,3,1,4,Laboratory Technician
1086,12,16,2,1,7052,02/02/08,3,80,1,,travel_frequently,No,8,73,0,3,469,yes,f,Y,3,5,1,,2,0,40.0 years,1,SALES,4663,,Divorced,3,0,3,Manager
1087,0,24,5,0,7406,18/06/07,2,80,1,,travel_rarely,Y,2,56,0,4,676,0,M,Y,3,4,0,Meets expectations,3,0,46,4,research & development,$11505.0,1,D,4,0,2,Research Director
1088,6,19,3,1,22661,08/10/19,4,80,1,Medical,Travel_Frequently,Yes,10,77,0,3,788,yes,F,Y,3,3,0,Transferred from other dept,1,1,39,4,Saless,5678,4,Single,3,0,1,Sales Executive
1089,6,18,3,5,19858,17/03/08,2,80,1,Medical,Rarely,no,11,36,2,3,889,N,M,Y,2,6,2,Excellent team player,2,2,34,1,Research & Development,10513,2,MARRIED,2,5,2,Manufacturing Director
1090,3,17,0,2,14850,06/05/07,4,80,1,,travel_rarely,N,8,56,1,3,1091,No,M,Y,3,4,0,Remote worker,3,2,35,3,Research&Development,10709,3,S,1,2,4,Research Scientist
1091,26,24,2,2,14601,28/06/08,3,80,1,Medical,Travel_Rarely,NO,7,47,0,3,262,YES,f,Y,4,0,2,Average,2,1,36,1,Research & Development,$8612.0,3,married,3,0,3,Research Scientist
1092,3,21,3,3,9098,07/11/16,1,80,1,Life Sciences,Travel Frequently,Y,17,62,3,4,1076,Yes,FEMALE,Y,2,1,0,Recently promoted,4,3,36,4,sales,12708,2,Married,4,3,2,Sales Executive
1093,3,18,2,3,22151,07/03/20,4,80,1,Technical Degree,Rarely,N,1,62,3,3,1455,N,MALE,Y,3,3,3,Good performer,3,0,43.0 years,4,Research and Development,10465,3,MARRIED,2,1,1,Research Director
1094,2,14,3,0,8719,16/09/13,2,80,1,Life Sciences,No Travel,no,3,54,0,3,449,No,Female,Y,1,2,0,Top performer,1,0,37,3,R&D,$2712.0,4,MARRIED,4,0,4,Research Director
1095,1,16,3,0,17856,20/08/23,2,80,1,,travel_rarely,NO,2,43,0,3,769,0,MALE,Y,3,4,0,Meets expectations,2,0,43,4,Research & Development,7707,2,Divorsed,3,0,3,Research Scientist
1096,4,24,3,1,10594,28/04/14,3,80,1,Life Sciences,Travel Rarely,YES,29,67,1,4,525,no,M,Y,3,4,1,Needs improvement,1,2,36,1,Sale,4542,3,S,4,1,3,Sales Executive
1097,11,15,3,6,2612,12/09/19,3,80,1,Technical Degree,Rarely,N,3,67,4,3,426,N,male,Y,3,2,0,Exceeded expectations,2,2,37,1,Sales,8448,1,married,2,6,3,Sales Executive
1098,13,22,4,1,9286,26/02/04,2,80,1,Life Sciences,Travel_Frequently,N,10,33,0,4,1229,YES,F,Y,2,4,1,Transferred from other dept,5,1,19,2,Research & Development,nan,,married,4,0,2,Laboratory Technician
1099,16,12,1,4,12068,09/07/08,3,80,1,Life Sciences,Travel_Rarely,N,9,91,4,3,354,FALSE,M,Y,3,3,0,Needs improvement,4,0,45,,research & development,14125,1,Single,4,2,3,Laboratory Technician
1100,2,18,1,2,11805,14/09/23,4,80,1,Life Sciences,Rarely,YES,1,39,2,4,457,NO,MALE,Y,3,2,0,New hire,2,1,40,4,sales,$7499.0,2,Single,4,0,5,Sales Executive
1101,0,13,4,0,5017,17/04/13,2,80,1,Life Sciences,Travel Rarely,N,2,64,0,3,543,0,Male,Y,4,4,0,Transferred from other dept,1,0,45,3,Research and Development,nan,2,Divorsed,3,0,2,Manufacturing Director
1102,36,24,2,0,23172,12-19-2012,3,80,1,Life Sciences,Travel Rarely,No,2,52,0,3,212,FALSE,f,Y,2,3,0,,1,1,18,1,Research & Development,5120,1,Divorsed,2,0,3,Research Scientist
1103,0,15,3,0,11926,27/04/13,4,80,1,Medical,Frequently,yes,4,94,0,3,1153,No,female,Y,3,3,0,Top performer,2,1,55,4,Research & Development,8060,2,Divorced,1,0,3,Research Director
1104,32,18,0,1,13740,21/07/05,4,80,1,Medical,Travel_Rarely,no,2,54,1,3,623,No,female,Y,3,1,1,Remote worker,1,0,35,4,SALES,nan,3,D,4,1,3,Sales Representative
1105,17,21,3,1,25486,09/01/08,2,80,1,,Travel Rarely,no,1,82,0,4,788,NO,Male,Y,2,3,1,Recently promoted,2,0,46,3,Research & Development,7819,3,SINGLE,2,1,2,Laboratory Technician
1106,24,19,2,3,12572,08/03/05,4,80,1,Life Sciences,travel_rarely,Y,16 km,46,0,3,1090,N,F,Y,3,2,0,Recently promoted,1,2,27,3,SALES,$4475.0,2,M,4,2,4,Sales Representative
1107,4,23,2,4,18237,20/08/12,4,80,1,Marketing,Rarely,yes,26,86,0,3,145,Yes,m,Y,3,3,0,On PIP,1,1,42,1,Research and Development,4728,,MARRIED,4,4,3,Healthcare Representative
1108,,19,2,0,12002,08-19-2020,4,80,1,Medical,travel_rarely,Y,3,49,0,3,1294,Y,f,Y,3,2,0,Average,1,0,27,3,Research and Development,3928,3,MARRIED,2,0,3,Research Scientist
1109,9,24,,4,17818,04/09/21,3,80,1,Medical,travel_rarely,no,3,54,0,4,1253,NO,f,Y,2,3,0,Recently promoted,5,0,31,3,Sale,16460,4,MARRIED,3,4,3,Sales Executive
1110,13,15,3,1,5201,30/05/07,2,80,1,Medical,Travel_Rarely,YES,1 km,71,0,3,856,N,MALE,Y,4,1,1,High potential,3,3,54,4,R&D,14046,3,married,4,0,2,Research Director
1111,,12,,1,2752,11-30-2012,1,80,1,Life Sciences,Rarely,Y,9,74,1,3,1476,1,F,Y,1,1,1,New hire,1,0,35,,R&D,3630,4,M,3,1,1,Research Scientist
1112,15,17,3,8,9556,06/09/11,3,80,1,Life Sciences,Travel Rarely,Y,13 km,60,0,3,1326,FALSE,male,Y,2,2,3,Remote worker,1,0,38,4,Research&Development,nan,4,M,3,4,4,Research Scientist
1113,2,21,2,2,3341,03/01/13,2,80,1,Life Sciences,Travel Frequently,no,1,94,2,4,1349,NO,male,Y,3,4,0,,2,1,44.0 years,1,Sale,7418,1,S,4,2,2,Sales Executive
1114,6,21,1,2,15981,18/08/13,4,80,1,Marketing,Rarely,YES,1,81,2,3,1203,FALSE,M,Y,2,0,1,On PIP,1,1,41,3,Saless,4629,2,married,2,0,4,Sales Representative
1115,19,17,,4,10696,05/01/16,2,80,1,Other,Travel_Rarely,NO,12,50,4,3,1433,N,male,Y,2,3,0,Key talent,2,0,38,2,HR,7503,4,married,4,1,3,Human Resources
1116,2,22,2,2,25398,06/08/16,4,80,1,Medical,Travel Rarely,Yes,7 km,59,2,3,1158,no,MALE,Y,3,1,1,Meets expectations,3,0,40,4,sales,11418,1,MARRIED,4,2,3,Manager
1117,2,23,2,0,16525,20/07/06,2,80,1,Life Sciences,Travel Rarely,no,1,32,0,4,663,1,f,Y,3,3,0,Flight risk,2,0,58,2,R&D,5434,3,single,2,0,3,Laboratory Technician
1118,0,18,2,0,25139,07/07/04,3,80,1,Life Sciences,Travel Rarely,No,7,99,0,3,260,N,male,Y,3,4,0,Average,2,1,36,3,Research & Development,9555,4,Married,1,0,3,Research Scientist
1119,1,18,1,1,21866,23/07/10,3,80,1,Life Sciences,Travel_Rarely,YES,2,72,1,3,939,NO,FEMALE,Y,3,2,1,Recently promoted,2,0,nan,1,Saless,8948,4,Single,4,1,1,Sales Representative
1120,1,15,,1,26112,12/11/17,3,80,1,Medical,Travel Rarely,Y,3,58,1,3,637,N,m,Y,4,2,1,,4,1,46,3,research & development,12135,1,Married,4,1,3,Manufacturing Director
1121,2,11,2,2,7565,03/08/07,3,80,1,Life Sciences,Travel Rarely,NO,11,32,0,3,324,no,M,Y,4,2,1,Excellent team player,4,3,46,3,Research&Development,10596,4,D,1,0,3,Research Scientist
1122,3,23,1,3,16947,08/08/20,3,80,1,Human Resources,travel_rarely,no,13,87,3,3,1440,No,F,Y,2,3,1,Top performer,2,3,47,3,R&D,$6534.0,3,Married,2,0,3,Research Scientist
1123,16,21,2,0,25995,18/09/04,1,80,1,Life Sciences,Travel_Rarely,No,4,62,0,3,194,N,MALE,Y,3,2,0,Meets expectations,1,1,42,,research & development,4636,4,single,1,0,2,Research Scientist
1124,24,23,1,2,9930,28/09/20,2,80,1,Technical Degree,Travel Frequently,Y,23,74,2,3,1348,TRUE,MALE,Y,2,3,1,Key talent,2,1,26,3,Saless,nan,2,M,4,2,3,Sales Representative
1125,5,14,5,1,8517,24/03/23,3,80,1,Marketing,Travel_Rarely,NO,4,98,1,3,1048,NO,FEMALE,Y,4,1,0,Average,1,2,51,3,R&D,29070,3,M,3,1,2,Healthcare Representative
1126,1,14,2,0,16287,20/04/07,2,80,1,Marketing,Travel_Rarely,Y,11,61,0,3,652,no,male,Y,4,3,0,,2,2,26,4,R&D,5288,4,Divorced,3,0,2,Manufacturing Director
1127,2,21,2,1,13829,05/04/14,1,80,1,Medical,Travel Rarely,N,5,81,1,3,744,Yes,M,Y,3,3,1,Exceeded expectations,2,2,39,1,Human Resourses,6965,2,MARRIED,4,0,1,Manager
1128,,13,1,2,4422,24/03/07,2,80,1,Medical,Travel Rarely,Y,18,93,2,4,165,FALSE,male,Y,3,1,2,Top performer,1,0,30,4,Research and Development,4920,2,MARRIED,3,1,4,Research Scientist
1129,11,18,1,1,15960,13/06/15,4,80,1,Medical,Non-Travel,N,19,69,0,3,1333,N,female,Y,4,4,0,,1,0,36,3,research & development,5380,1,married,3,0,2,Healthcare Representative
1130,,13,2,4,10865,10/11/17,3,80,1,Medical,Non Travel,Y,1,42,1,3,764,FALSE,f,Y,3,5,1,Top performer,2,3,39,,Research and Development,6027,3,Single,4,4,2,Healthcare Representative
1131,0,23,3,0,7985,11/09/08,2,80,1,Medical,Travel_Frequently,NO,22,58,0,4,783,No,FEMALE,Y,3,2,0,Average,4,3,39,4,Sales,$13797.0,4,single,1,0,2,Sales Executive
1132,13,15,2,0,8947,11/04/13,1,80,1,Other,Travel_Rarely,Y,13,92,0,3,1009,N,female,Y,4,4,0,Average,2,1,40,3,,6923,2,MARRIED,4,0,2,Manager
1133,7,12,6,1,15790,09/04/04,3,80,1,Marketing,Non Travel,NO,12,55,0,3,936,N,m,Y,4,2,1,Needs improvement,3,3,51.0 years,2,Sale,nan,1,MARRIED,2,1,3,Sales Executive
1134,23,16,1,0,16739,12-20-2017,3,80,1,Marketing,travel_rarely,NO,1,88,0,3,670,0,Male,Y,3,3,0,On PIP,1,2,41,3,SALES,nan,3,Married,3,0,1,Sales Representative
1135,8,16,0,2,26019,02/05/16,3,80,1,Technical Degree,Rarely,N,13,78,0,3,795,FALSE,f,Y,4,2,0,On PIP,2,1,34,3,Research&Development,9160,1,SINGLE,3,2,2,Healthcare Representative
1136,5,18,6,1,12971,24/02/15,4,80,1,Life Sciences,Travel Rarely,No,15,82,1,3,279,TRUE,Male,Y,3,4,0,,2,0,45,4,sales,9261,3,SINGLE,4,1,3,Sales Representative
1137,10,18,0,5,5668,21/09/17,3,80,1,Life Sciences,travel_rarely,no,2,60,0,3,933,No,Male,Y,2,2,0,Exceeded expectations,3,1,47,4,Sales,11861,3,MARRIED,3,3,3,Sales Representative
1138,17,11,2,1,12744,31/12/22,3,80,1,Medical,travel_rarely,Y,24,41,1,3,1191,No,Male,Y,3,4,1,Good performer,1,1,25,3,research & development,$4253.0,3,Single,1,1,4,Research Scientist
1139,3,15,4,2,24846,06/03/08,3,80,1,Medical,Travel_Rarely,no,1 km,87,2,3,1452,no,Male,Y,2,4,0,Key talent,2,3,42,3,Research and Development,nan,2,Married,2,2,3,Laboratory Technician
1140,1,12,0,1,21522,09/03/10,3,80,1,Marketing,Rarely,NO,1,65,0,4,301,Y,FEMALE,Y,3,2,1,New hire,1,1,43,1,H.R.,5463,1,SINGLE,3,1,2,Human Resources
1141,5,20,1,3,6509,30/01/06,1,80,1,Medical,Travel Rarely,No,6,39,3,3,1138,N,male,Y,4,2,1,New hire,1,2,34,3,SALES,5200,,MARRIED,4,3,3,Sales Representative
1142,2,22,3,2,4500,02-22-2006,3,80,1,Medical,travel_rarely,NO,6,35,1,4,1165,FALSE,male,Y,4,4,1,Exceeded expectations,5,2,49,2,Sale,16082,2,D,3,2,2,Sales Representative
1143,5,15,1,5,21177,14/06/17,3,80,1,Medical,Travel Frequently,No,8,36,1,4,642,0,Male,Y,4,2,1,Exceeded expectations,1,0,35,1,SALES,4254,,Single,4,4,3,Manager
1144,40,20,2,1,22677,25/09/23,3,80,1,Life Sciences,travel_rarely,NO,1,60,1,3,1081,Yes,female,Y,3,5,1,High potential,1,0,38.0 years,2,research & development,5110,4,married,4,1,3,Research Scientist
1145,8,22,3,8,11904,18/07/08,2,80,1,Medical,Travel Frequently,No,25,32,1,4,873,FALSE,Male,Y,3,5,2,Exceeded expectations,2,1,35,1,Research and Development,11659,2,single,3,4,2,Healthcare Representative
1146,11,19,,11,23783,24/08/08,3,80,1,Marketing,Travel_Frequently,NO,1,76,0,4,1412,no,male,Y,4,3,8,Meets expectations,4,0,37,3,R&D,14451,4,MARRIED,3,0,3,Research Director
1147,11,14,2,1,18683,03/06/17,4,80,1,Life Sciences,Travel_Rarely,no,1,30,1,3,793,No,f,Y,4,3,1,Top performer,2,1,27,3,research & development,7083,2,MARRIED,2,1,4,Manufacturing Director
1148,17,18,2,11,14416,07/01/09,3,80,1,Medical,Rarely,No,1,74,4,4,1367,NO,FEMALE,Y,4,2,0,Exceeded expectations,3,0,24,4,Sale,9751,,M,4,1,5,Sales Executive
1149,28,11,2,7,16833,31/12/12,2,80,1,Medical,Travel_Rarely,Yes,6,83,4,3,711,no,M,Y,3,4,6,On PIP,4,0,51,2,Research & Development,13262,3,M,1,1,3,Research Scientist
1150,10,18,1,10,20290,25/12/05,3,80,1,Life Sciences,travel_rarely,No,21,79,1,4,1297,YES,Male,Y,4,1,8,On PIP,1,0,29,3,R&D,8265,2,Divorced,3,4,3,Research Scientist
1151,6,16,2,5,4485,27/09/13,4,80,1,Life Sciences,travel_frequently,NO,8,36,0,3,343,no,m,Y,4,2,0,On PIP,2,0,28,4,research & development,nan,4,single,4,3,2,Laboratory Technician
1152,3,18,4,3,16003,07-28-2017,3,80,1,Other,travel_rarely,No,13,92,3,3,159,0,m,Y,1,2,3,Exceeded expectations,2,0,18.0 years,4,Research&Development,9360,4,S,4,1,2,Laboratory Technician
1153,4,16,2,0,9459,24/02/21,2,80,1,Life Sciences,travel_frequently,no,1 km,44,0,3,203,N,MALE,Y,2,5,0,Transferred from other dept,3,3,31,4,Research and Development,10436,3,divorced,3,0,3,Research Director
1154,4,21,0,3,26782,22/01/17,3,80,1,Life Sciences,Travel_Rarely,NO,6,96,3,3,750,No,MALE,Y,4,1,3,Average,1,0,25,3,Research&Development,5391,3,M,4,3,3,Laboratory Technician
1155,3,13,0,1,8120,08/01/16,4,80,1,Life Sciences,Travel_Frequently,no,4,59,1,3,1426,no,Male,Y,3,4,1,Key talent,1,3,51,4,Research and Development,6187,,Divorsed,1,0,4,Research Scientist
1156,11,22,,1,10485,27/11/23,3,80,1,Medical,Rarely,NO,5,97,1,3,1110,N,Male,Y,2,3,1,Good performer,3,3,46,3,Research and Development,10142,3,MARRIED,3,0,3,Laboratory Technician
1157,8,21,1,8,16251,30/10/20,2,80,1,Medical,Travel Rarely,YES,1,65,1,4,176,TRUE,f,Y,2,0,4,Flight risk,2,3,30,3,Human Resources,$7038.0,2,D,2,3,3,Human Resources
1158,,18,1,0,20257,07-26-2017,3,80,1,Medical,Frequently,NO,9,96,0,3,1141,N,f,Y,3,3,0,Exceeded expectations,2,1,57,3,research & development,10488,3,M,4,0,3,Research Director
1159,34,15,5,6,24486,29/08/12,3,80,1,Life Sciences,Travel Rarely,NO,5,34,3,3,1307,NO,FEMALE,Y,2,1,0,On PIP,2,2,45,3,Research and Development,nan,4,Married,3,4,4,Healthcare Representative
1160,5,22,1,0,8172,04/09/06,3,80,1,Technical Degree,Travel_Rarely,no,11,54,0,3,1404,FALSE,Male,Y,1,2,0,Good performer,1,0,34,2,Research & Development,6186,4,Divorsed,3,0,3,Laboratory Technician
1161,8,20,1,0,24706,12-28-2021,3,80,1,Life Sciences,travel_rarely,no,5,40,0,3,1411,0,Male,Y,2,4,0,Average,2,0,18,4,Research&Development,9180,,MARRIED,1,0,3,Laboratory Technician
1162,12,15,2,3,20472,09-20-2020,3,80,1,Life Sciences,Rarely,NO,1,95,0,3,797,0,f,Y,4,2,0,New hire,2,2,nan,4,Research & Development,8689,2,SINGLE,3,3,3,Healthcare Representative
1163,9,22,3,0,26021,05/07/19,2,80,1,Medical,Rarely,Yes,8,57,0,3,1045,YES,M,Y,1,2,0,,4,0,24.0 years,2,Saless,17026,4,Single,1,0,4,Sales Executive
1164,3,17,0,3,23695,09/02/22,3,80,1,Life Sciences,Travel_Rarely,YES,1,89,3,3,366,TRUE,m,Y,3,2,0,,1,3,22,4,Sale,5065,1,single,2,0,1,Sales Executive
1165,15,16,3,1,8487,14/03/23,3,80,1,Technical Degree,Travel Rarely,NO,16,39,0,3,880,N,M,Y,3,3,1,Transferred from other dept,4,1,46,3,Research and Development,14865,4,SINGLE,2,1,4,Research Scientist
1166,1,19,3,1,11964,19/12/15,3,80,1,Technical Degree,Rarely,NO,7,79,1,4,708,YES,Female,Y,4,4,1,Meets expectations,2,0,58,,R&D,5823,3,SINGLE,3,1,3,Research Scientist
1167,8,17,2,0,13055,13/09/08,2,80,1,Life Sciences,Travel Rarely,Y,1,68,0,3,1045,N,f,Y,2,2,0,High potential,1,0,49,3,Saless,3762,2,Married,2,0,3,Sales Representative
1168,3,13,1,2,8880,11/06/14,3,80,1,Technical Degree,Rarely,Y,26 km,66,1,3,1480,FALSE,MALE,Y,2,2,1,New hire,3,1,42,4,SALES,9198,3,married,2,0,3,Sales Executive
1169,9,21,1,0,23105,09-20-2021,1,80,1,Marketing,travel_rarely,No,5,92,0,3,1124,1,male,Y,1,2,0,On PIP,1,1,42,3,sales,6911,1,MARRIED,2,0,3,Sales Executive
1170,2,21,0,2,21810,22/02/17,3,80,1,Human Resources,Travel_Rarely,N,1,90,2,3,1150,N,Female,Y,4,2,0,,5,1,44,4,R&D,$13171.0,2,Married,3,2,1,Research Scientist
1171,14,22,3,3,2528,13/01/20,2,80,1,Life Sciences,Travel Rarely,yes,7,67,0,3,647,N,Male,Y,3,3,1,,4,0,43,2,Research&Development,13396,3,SINGLE,3,1,4,Laboratory Technician
1172,2,15,2,0,12325,09/10/08,1,80,1,Medical,Travel_Rarely,N,2,62,0,4,259,1,f,Y,2,0,0,,1,0,39,4,Research and Development,1000,,S,4,0,3,Laboratory Technician
1173,22,19,2,1,20308,17/11/05,3,80,1,Life Sciences,Travel_Rarely,no,13,74,1,3,1036,NO,female,Y,4,4,1,New hire,1,0,nan,,R&D,3753,2,single,3,1,3,Manufacturing Director
1174,19,21,0,8,24844,08/05/08,4,80,1,Marketing,Travel Rarely,yes,13,73,2,3,498,no,female,Y,1,5,2,Transferred from other dept,2,0,36,4,Research & Development,7263,1,M,2,1,2,Research Scientist
1175,,23,2,3,24360,24/04/18,4,80,1,Life Sciences,Travel Frequently,no,29,30,0,3,642,N,male,Y,3,4,0,Meets expectations,2,0,30,4,Research & Development,10077,2,single,4,2,3,Research Scientist
1176,4,20,2,2,24405,28/06/11,3,80,1,Medical,Rarely,N,5,82,2,3,226,No,m,Y,3,0,0,High potential,2,0,nan,2,Research and Development,8594,3,Single,2,0,3,Laboratory Technician
1177,12,24,3,5,19246,29/01/17,3,80,1,Life Sciences,Travel Rarely,no,4,76,5,3,1108,No,m,Y,3,3,2,,1,0,21,3,Sale,3750,1,MARRIED,4,2,3,Sales Executive
1178,0,12,1,0,12554,03-18-2011,2,80,1,Life Sciences,Travel_Rarely,N,11,62,0,3,1047,NO,F,Y,3,4,0,Meets expectations,2,1,36,3,Sales,9598,4,DIVORCED,3,0,3,Sales Executive
1179,0,11,1,0,22704,30/07/13,1,80,1,Medical,Travel_Rarely,N,1,96,0,3,309,N,F,Y,2,2,0,High potential,1,1,28,,Research&Development,5026,4,Single,3,0,3,Research Scientist
1180,1,21,1,1,21878,06-28-2015,3,80,1,Technical Degree,Travel Rarely,NO,6,44,1,3,249,N,M,Y,4,4,1,Meets expectations,3,0,27,4,SALES,11056,3,MARRIED,3,1,5,Sales Representative
1181,8,18,1,1,17413,21/03/05,4,80,1,Medical,Non Travel,No,6,43,1,3,130,no,MALE,Y,3,4,0,Transferred from other dept,3,1,38,1,R&D,9195,4,M,4,0,3,Manufacturing Director
1182,1,18,2,0,24436,23/10/20,4,80,1,Technical Degree,Travel Rarely,YES,1,52,0,4,711,TRUE,Female,Y,2,1,0,Good performer,2,1,49,4,Sales,6514,3,Divorced,2,0,4,Sales Executive
1183,3,12,3,2,16127,08/05/08,4,80,1,Life Sciences,Rarely,yes,4,83,2,4,401,no,F,Y,4,3,2,Excellent team player,4,1,45,4,Research and Development,12762,2,D,4,0,1,Research Scientist
1184,10,24,0,9,26643,07-21-2008,4,80,1,Medical,Frequently,Y,15,37,0,3,1062,Yes,FEMALE,Y,4,0,2,,1,1,22,,Research and Development,$5069.0,2,single,3,0,3,Research Director
1185,0,23,1,0,20026,01/06/13,1,80,1,Medical,Rarely,N,15,83,0,3,964,Yes,MALE,Y,3,2,0,Key talent,1,0,28,3,research & development,5116,3,SINGLE,4,0,3,Manufacturing Director
1186,1,18,2,1,17693,16/06/13,4,80,1,Life Sciences,Travel_Rarely,no,1,65,1,3,864,FALSE,m,Y,3,4,1,Exceeded expectations,2,0,45,2,R&D,$10316.0,4,D,3,1,3,Laboratory Technician
1187,26,15,2,6,11212,20/09/14,3,80,1,Medical,Travel Rarely,N,1,81,1,3,782,Yes,female,Y,3,6,0,Flight risk,2,0,28,4,sales,8577,4,MARRIED,4,4,4,Sales Representative
1188,,12,,3,7196,21/05/11,4,80,1,Medical,travel_rarely,N,2,35,2,4,356,No,female,Y,4,5,1,Key talent,2,0,34,1,R&D,$3938.0,4,married,4,3,1,Manufacturing Director
1189,,17,1,1,15850,21/09/06,3,80,1,Medical,Travel Frequently,No,16,57,0,4,1039,Y,M,Y,2,0,1,On PIP,4,1,41,,Research&Development,14393,4,MARRIED,4,0,1,Manufacturing Director
1190,0,17,5,0,8999,20/12/06,3,80,1,Marketing,Travel Rarely,NO,1,79,0,3,1180,TRUE,Male,Y,3,5,0,Average,5,2,28,1,Research and Development,14824,2,married,3,0,4,Laboratory Technician
1191,8,13,1,0,9322,02-19-2017,1,80,1,Medical,Rarely,yes,10,67,0,3,108,No,Male,Y,4,4,0,Recently promoted,2,0,37.0 years,1,Research&Development,6551,1,Divorced,4,0,2,Laboratory Technician
1192,2,24,2,1,5143,26/11/10,1,80,1,Life Sciences,travel_rarely,no,1,59,0,3,1128,yes,Male,Y,2,4,0,Flight risk,3,1,24,3,Research&Development,9781,3,DIVORCED,3,1,3,Research Scientist
1193,32,11,5,0,15812,24/01/21,3,80,1,Life Sciences,Travel Rarely,NO,7,83,0,3,946,Y,MALE,Y,3,5,0,New hire,1,2,31,4,SALES,4004,4,Married,3,0,3,Manager
1194,11,21,2,6,19854,03-27-2011,4,80,1,,travel_frequently,No,3,75,4,3,1237,0,FEMALE,Y,3,3,0,Meets expectations,1,0,39,3,sales,nan,3,single,4,1,4,Sales Representative
1195,36,14,2,11,7678,09-20-2022,2,80,1,,travel_rarely,N,12,57,0,4,876,TRUE,MALE,Y,4,2,4,Top performer,3,3,22,2,SALES,11305,4,Divorced,2,1,2,Sales Executive
1196,18,12,2,5,3382,11/02/15,2,80,1,Life Sciences,No Travel,YES,2,46,2,3,784,NO,f,Y,4,0,0,Good performer,2,0,40,3,Human Resourses,5883,4,S,2,4,2,Manager
1197,6,14,3,5,23780,21/11/08,2,80,1,Medical,Rarely,YES,8,77,4,3,831,no,MALE,Y,2,0,4,,2,3,36,3,Research and Development,8535,3,Single,4,0,3,Healthcare Representative
1198,11,18,3,3,11528,10-23-2005,2,80,1,Medical,Frequently,no,2,73,0,3,1328,NO,Female,Y,2,3,3,Key talent,1,0,41,3,SALES,8355,1,D,3,3,5,Manager
1199,16,12,1,0,9114,20/04/12,2,80,1,Life Sciences,Travel Rarely,N,10,89,0,4,123,0,Female,Y,3,2,0,Flight risk,2,0,39,3,Research & Development,nan,2,single,2,0,3,Healthcare Representative
1200,8,11,0,0,11434,13/09/22,2,80,1,Medical,travel_rarely,N,16,89,0,4,592,0,male,Y,3,3,0,New hire,1,1,49,4,Sale,4573,3,single,3,0,3,Manager
1201,0,21,0,0,3705,11/10/17,2,80,1,Medical,Non Travel,N,1,34,0,4,1069,Yes,Male,Y,2,1,0,Needs improvement,2,3,38,2,Research & Development,$4214.0,4,SINGLE,4,0,3,Research Scientist
1202,6,24,,6,7997,06/05/09,4,80,1,Life Sciences,travel_rarely,YES,16 km,98,6,3,202,No,MALE,Y,3,6,6,Transferred from other dept,1,0,33,4,HR,4548,2,D,2,0,5,Human Resources
1203,1,13,4,1,24447,04/08/10,4,80,1,Marketing,Frequently,NO,7,99,1,3,1183,TRUE,MALE,Y,4,1,1,Recently promoted,1,2,38,3,sales,5964,3,MARRIED,3,1,4,Sales Representative
1204,12,20,4,2,9962,27/05/17,3,80,1,Medical,Rarely,No,1,36,1,3,1209,1,F,Y,1,2,2,,1,1,41,1,Human Resourses,6080,4,MARRIED,4,2,5,Human Resources
1205,11,17,2,2,13391,06/06/08,4,80,1,Medical,Rarely,No,4,82,2,3,866,N,f,Y,3,2,1,,1,0,37,4,,5116,2,single,3,0,1,Sales Executive
1206,40,23,3,2,16535,22/07/22,2,80,1,Medical,travel_frequently,yes,1,46,2,3,1122,Y,Male,Y,3,0,2,Excellent team player,4,1,37,2,Saless,15333,2,Married,3,2,2,Manager
1207,9,22,1,2,26480,22/10/10,3,80,1,Life Sciences,travel_frequently,no,9,88,2,4,471,yes,m,Y,4,3,1,Average,1,1,30,3,SALES,8819,3,married,1,2,3,Sales Executive
1208,16,16,1,4,20978,05/04/07,3,80,1,Medical,Frequently,YES,11,38,3,4,778,NO,Male,Y,3,3,4,Excellent team player,1,0,31,4,Research & Development,7568,3,single,4,1,4,Healthcare Representative
1209,3,16,1,3,14129,08/03/08,1,80,1,Life Sciences,Frequently,N,1,51,0,3,695,FALSE,female,Y,3,3,0,Needs improvement,2,2,24,2,research & development,$7216.0,4,Married,4,1,2,Research Scientist
1210,4,17,3,4,19699,08/09/20,3,80,1,Human Resources,travel_rarely,N,5,74,4,3,301,N,male,Y,4,4,2,Top performer,2,3,52,1,Research & Development,5823,1,S,3,1,2,Research Scientist
1211,24,18,2,5,26523,23/10/12,4,80,1,Marketing,Travel_Rarely,no,13,88,5,3,188,Y,m,Y,1,2,2,,1,1,25,,Research and Development,nan,3,D,1,1,4,Laboratory Technician
1212,14,13,1,2,10759,06/10/08,1,80,1,Medical,travel_frequently,N,22 km,42,2,3,536,0,FEMALE,Y,3,4,2,Key talent,1,3,30,2,Research&Development,3579,2,Married,4,2,1,Research Scientist
1213,10,13,1,10,4704,13/06/20,2,80,1,Life Sciences,Travel Rarely,No,5,41,0,3,219,NO,F,Y,3,4,1,Key talent,5,0,30,3,Research & Development,nan,3,Divorced,3,0,3,Manufacturing Director
1214,2,20,1,2,7725,12/12/16,4,80,1,Life Sciences,Non Travel,Y,24,65,2,3,255,0,Male,Y,2,4,2,Average,3,0,45,4,research & development,9228,1,SINGLE,4,1,3,Laboratory Technician
1215,11,23,3,2,23075,10/11/23,1,80,1,Life Sciences,Travel Rarely,no,6 km,39,2,4,498,YES,Female,Y,3,2,0,High potential,2,2,34,3,human resources,7890,4,Divorced,2,2,3,Human Resources
1216,21,18,3,2,2124,06/12/09,3,80,1,Medical,travel_rarely,N,4,45,2,4,287,0,M,Y,2,2,1,Key talent,2,2,48,4,SALES,9257,3,Married,1,0,4,Sales Executive
1217,2,22,4,2,11729,07/05/21,4,80,1,Life Sciences,Travel Rarely,Yes,15,48,2,3,1175,0,m,Y,3,3,1,Key talent,1,0,30,4,Research&Development,4848,4,MARRIED,2,0,3,Laboratory Technician
1218,12,23,3,2,14767,27/06/20,4,80,1,Medical,Travel_Rarely,NO,5,35,2,4,751,No,f,Y,3,2,0,Top performer,1,0,39,4,research & development,nan,3,D,3,2,3,Research Scientist
1219,5,24,3,3,23481,16/03/21,4,80,1,Life Sciences,Travel_Rarely,N,5,33,1,3,686,No,Female,Y,4,1,3,High potential,2,2,29,4,Research and Development,$9762.0,3,Married,2,0,3,Manufacturing Director
1220,1,23,3,1,6807,17/05/18,3,80,1,Other,Travel_Rarely,NO,5,59,1,3,329,N,male,Y,4,2,0,Needs improvement,4,0,56,,Research & Development,11181,4,Single,4,0,3,Laboratory Technician
1221,,17,1,9,20354,18/04/13,2,80,1,Life Sciences,No Travel,No,15,75,0,3,1253,Yes,M,Y,2,3,0,Average,1,0,26.0 years,3,sales,4508,2,MARRIED,2,1,3,Sales Executive
1222,1,20,,1,18009,29/07/12,4,80,1,Human Resources,Rarely,no,14 km,56,1,4,154,Y,Male,Y,4,1,1,Average,3,1,39,1,research & development,10937,2,Married,4,1,2,Laboratory Technician
1223,2,15,3,2,21146,09/03/22,3,80,1,Technical Degree,Travel_Rarely,No,4,74,0,3,370,N,male,Y,4,5,2,Excellent team player,1,3,42,3,Research & Development,5023,3,MARRIED,3,0,1,Research Scientist
1224,15,14,0,10,23901,12/03/17,3,80,1,Medical,Travel_Frequently,no,3 km,66,6,3,1223,NO,m,Y,2,3,1,Flight risk,1,2,40.0 years,4,Saless,5270,3,single,3,7,2,Sales Executive
1225,13,16,1,12,19198,10-17-2019,4,80,1,Medical,Frequently,Yes,5,38,7,3,1192,Y,male,Y,4,1,3,Excellent team player,1,2,35,1,Saless,5915,2,MARRIED,4,3,2,Sales Executive
1226,2,19,2,2,5101,01-15-2005,4,80,1,Medical,travel_rarely,N,6,90,0,3,1422,N,MALE,Y,3,4,1,On PIP,1,0,nan,4,Research and Development,nan,3,single,3,2,3,Healthcare Representative
1227,28,16,3,0,3654,01-30-2018,3,80,1,Medical,Rarely,No,2,64,0,3,1069,N,Female,Y,4,5,0,,4,1,37,3,Saless,nan,,married,2,0,4,Manager
1228,2,18,0,2,18515,21/08/08,2,80,1,Life Sciences,travel_rarely,no,12,76,2,3,1477,No,F,Y,4,2,0,Exceeded expectations,2,0,35.0 years,4,R&D,7388,1,MARRIED,2,0,4,Healthcare Representative
1229,40,11,1,2,26806,27/02/09,2,80,1,Life Sciences,non-travel,no,5,50,2,3,1275,No,female,Y,4,1,2,Needs improvement,1,3,45,4,Research & Development,4082,2,MARRIED,4,0,4,Research Scientist
1230,13,22,1,1,2394,23/03/14,3,80,1,Medical,Frequently,No,3,46,1,3,429,yes,m,Y,3,2,1,Flight risk,5,1,56,4,research & development,18181,4,SINGLE,4,1,3,Research Scientist
1231,4,24,2,4,9319,08/06/23,2,80,1,,Travel_Rarely,Y,1,84,2,3,215,0,female,Y,3,4,1,Key talent,4,1,31,4,Research and Development,13030,4,M,2,0,3,Laboratory Technician
1232,1,16,2,1,5573,07-24-2005,2,80,1,Medical,travel_frequently,YES,2 km,35,1,3,422,FALSE,f,Y,3,2,0,Key talent,3,2,24,,research & development,12270,1,Single,4,1,3,Manufacturing Director
1233,3,24,1,3,11173,10/07/18,3,80,1,,None,yes,23,64,3,3,662,YES,FEMALE,Y,3,4,3,Meets expectations,4,0,36,3,Research & Development,14028,1,SINGLE,3,2,2,Research Director
1234,2,24,0,0,9106,15/04/07,3,80,1,Life Sciences,Travel_Rarely,no,2,79,0,4,328,FALSE,f,Y,2,3,0,Top performer,1,3,60,4,,4218,1,divorced,4,0,1,Sales Executive
1235,9,12,1,0,24009,05/06/19,3,80,1,Life Sciences,travel_rarely,NO,1,66,0,3,459,no,F,Y,3,3,0,Recently promoted,3,0,29,1,sales,11927,2,divorced,4,0,3,Sales Executive
1236,4,13,1,2,13147,01/06/17,2,80,1,Life Sciences,Travel Rarely,No,4,42,0,3,1128,N,MALE,Y,4,2,0,Needs improvement,3,0,51,4,Research & Development,9908,4,MARRIED,2,2,5,Manufacturing Director
1237,3,16,3,0,23012,09/04/21,2,80,1,Life Sciences,Travel_Rarely,Y,2,54,0,3,127,N,male,Y,4,2,0,,4,0,52,2,Research & Development,$14957.0,,Married,4,0,2,Healthcare Representative
1238,14,12,2,4,7060,11/11/12,2,80,1,Life Sciences,Rarely,Yes,1,30,2,3,1487,no,Female,Y,4,1,0,Excellent team player,3,2,32,3,SALES,$11319.0,2,Divorced,3,4,1,Sales Representative
1239,2,14,4,2,18326,30/09/17,3,80,1,Life Sciences,Travel Rarely,YES,3,78,2,4,1354,NO,f,Y,2,2,1,Flight risk,1,2,42,4,research & development,4105,3,Divorsed,4,1,4,Manufacturing Director
1240,8,16,,8,26131,04/09/08,0,80,1,Marketing,Rarely,No,6,64,3,4,968,TRUE,F,Y,3,3,3,Meets expectations,3,0,51.0 years,3,Sales,11792,,Single,3,0,2,Manager
1241,2,15,1,1,24653,07/07/13,3,80,1,,travel_frequently,no,6,82,1,3,1394,N,Male,Y,3,4,1,Recently promoted,1,0,33,3,Research & Development,$5819.0,3,divorced,4,0,4,Laboratory Technician
1242,12,16,3,2,14842,23/05/14,2,80,1,Medical,Non-Travel,NO,3,81,2,3,1427,Y,Male,Y,2,4,0,Top performer,1,3,35,2,R&D,6736,4,MARRIED,3,0,4,Healthcare Representative
1243,9,16,4,9,12933,25/07/17,2,80,1,Life Sciences,Travel Frequently,Y,4,83,2,3,127,Yes,MALE,Y,3,0,0,Excellent team player,1,0,31,4,Research&Development,6449,2,MARRIED,3,0,5,Research Director
1244,16,18,0,3,8632,07/04/11,4,80,1,Technical Degree,Travel Rarely,N,26 km,76,1,3,843,0,female,Y,3,1,2,Meets expectations,4,1,27,2,R&D,14736,2,SINGLE,4,3,3,Healthcare Representative
1245,0,19,2,0,8755,25/11/10,1,80,1,Medical,Travel Rarely,no,3,72,0,3,1322,TRUE,Male,Y,4,4,0,Flight risk,1,1,31,1,research & development,3308,3,married,1,0,3,Research Scientist
1246,2,15,3,0,13130,14/06/09,3,80,1,Life Sciences,travel_rarely,No,2,49,0,3,1205,N,M,Y,4,5,0,Recently promoted,2,2,25,3,research & development,11672,4,SINGLE,2,0,3,Research Scientist
1247,1,16,3,1,24973,07/03/09,1,80,1,Medical,Travel_Rarely,no,2,62,1,3,1211,FALSE,m,Y,4,1,0,Flight risk,2,1,37,3,Research and Development,5894,,single,3,1,3,Laboratory Technician
1248,2,16,3,2,7589,12-18-2022,2,80,1,Life Sciences,Travel_Rarely,N,4,45,1,4,679,0,m,Y,3,3,2,Meets expectations,5,0,30,3,Research&Development,nan,1,single,1,2,3,Laboratory Technician
1249,1,16,,1,13612,12-19-2015,2,80,1,Medical,travel_frequently,N,11,36,1,3,550,FALSE,f,Y,2,2,1,Exceeded expectations,1,3,39,2,research & development,5646,2,Divorced,4,0,2,Healthcare Representative
1250,8,12,,0,16843,06/04/13,4,80,1,Life Sciences,Rarely,Yes,1,99,0,4,532,0,FEMALE,Y,4,2,0,Good performer,3,0,22.0 years,3,Research&Development,9238,3,DIVORCED,4,0,3,Research Scientist
1251,9,14,4,7,20888,22/08/13,2,80,1,Other,Travel Rarely,Y,9,50,1,4,473,0,F,Y,2,3,2,Remote worker,4,0,39,4,R&D,13813,2,SINGLE,2,0,3,Research Scientist
1252,18,11,4,5,21417,15/05/20,4,80,1,Medical,Rarely,no,1,65,2,3,534,N,Male,Y,3,4,1,Recently promoted,2,0,44.0 years,4,,7881,1,Divorsed,4,4,4,Manufacturing Director
1253,5,24,0,1,14015,09-21-2004,4,80,1,Life Sciences,travel_frequently,no,4,83,1,3,1310,N,F,Y,2,2,1,Top performer,2,3,19.0 years,4,,9958,2,D,4,0,4,Research Scientist
1254,7,22,2,7,14672,12/03/19,3,80,1,Medical,Rarely,yes,11,48,0,3,317,0,MALE,Y,4,3,2,Flight risk,3,1,40,4,research & development,9930,3,Married,3,6,3,Research Scientist
1255,40,11,3,4,4976,30/01/08,3,80,1,Life Sciences,Rarely,NO,3,54,3,3,1231,no,FEMALE,Y,1,3,0,Top performer,4,0,48,2,Sales,nan,,single,2,3,2,Sales Executive
1256,7,11,1,7,19855,31/05/12,4,80,1,Marketing,travel_rarely,N,6,96,1,3,1047,1,male,Y,2,3,3,Good performer,3,1,26,3,research & development,nan,4,Married,4,3,4,Laboratory Technician
1257,8,17,1,8,13891,17/03/09,3,80,1,Medical,Travel Rarely,Y,1,82,6,3,448,Yes,M,Y,4,3,2,Average,1,0,52,4,Saless,7602,3,D,3,-1,3,Sales Executive
1258,40,11,2,2,8595,03-17-2009,3,80,1,Medical,Frequently,yes,10,77,0,4,887,N,f,Y,2,0,2,Remote worker,4,3,40,2,research & development,12394,3,Married,2,1,4,Healthcare Representative
1259,40,16,1,3,19526,23/04/16,3,80,1,Life Sciences,Travel_Rarely,YES,1,71,2,3,125,YES,FEMALE,Y,4,0,1,Average,2,0,30,1,Research and Development,$8490.0,3,Married,4,2,4,Laboratory Technician
1260,5,12,2,2,15404,08-29-2004,2,80,1,Technical Degree,Rarely,yes,15,76,2,3,1171,N,MALE,Y,3,3,0,Meets expectations,2,1,36,3,Research & Development,7847,3,M,3,1,1,Healthcare Representative
1261,10,16,2,6,20952,09/04/17,2,80,1,Marketing,Frequently,N,1,71,0,3,958,0,female,Y,4,3,0,High potential,3,1,42,3,SALES,10852,4,Married,4,6,4,Sales Executive
1262,6,16,,4,19992,25/02/09,4,80,1,Life Sciences,Travel_Rarely,YES,16,31,1,3,469,Y,m,Y,3,1,4,,1,0,37,1,R&D,6214,4,Married,4,4,1,Research Scientist
1263,12,22,2,7,14825,31/01/15,4,80,1,Life Sciences,Travel Rarely,no,3,35,3,3,1137,1,MALE,Y,3,3,5,,3,2,41,2,research & development,13506,3,S,1,2,3,Research Scientist
1264,27,21,2,0,23936,04/02/05,3,80,1,Life Sciences,Travel_Rarely,No,10 km,75,0,3,1310,FALSE,Male,Y,4,4,0,Meets expectations,2,0,28,4,research & development,8377,4,S,4,0,3,Research Scientist
1265,3,13,1,3,20281,06-23-2015,3,80,1,Other,Travel Rarely,no,3,95,0,3,983,NO,m,Y,3,3,0,,4,1,38,2,R&D,nan,3,divorced,4,3,2,Laboratory Technician
1266,17,18,3,1,4192,01/05/10,4,80,1,Life Sciences,travel_rarely,N,18 km,69,1,4,378,NO,M,Y,3,3,1,Exceeded expectations,1,2,24,3,Research and Development,5493,2,Divorsed,3,0,4,Research Scientist
1267,10,21,2,1,14264,01/01/11,3,80,1,Medical,travel_rarely,No,1,87,0,3,440,NO,male,Y,2,3,1,Exceeded expectations,2,1,35,,Research & Development,9526,2,S,4,0,1,Laboratory Technician
1268,3,14,2,3,3091,07-19-2012,3,80,1,Life Sciences,Rarely,N,1,62,3,3,1451,No,Male,Y,2,2,3,Average,3,0,28,4,Research and Development,10305,3,Divorsed,3,0,2,Laboratory Technician
1269,15,23,0,0,19083,19/02/12,3,80,1,Life Sciences,Rarely,no,5,91,0,3,706,Yes,Female,Y,4,3,0,Key talent,1,3,30,4,Research&Development,nan,1,MARRIED,3,0,3,Research Scientist
1270,5,17,3,1,22476,08/04/08,2,80,1,Medical,Non Travel,YES,1,41,0,3,1148,1,M,Y,2,1,0,,1,0,nan,2,Research and Development,6665,2,MARRIED,4,1,4,Research Scientist
1271,1,14,2,1,12093,23/11/10,2,80,1,Human Resources,travel_frequently,N,1,78,1,3,628,No,female,Y,3,3,0,Average,5,1,46,2,Sales,18623,1,MARRIED,4,0,4,Sales Representative
1272,40,11,2,2,4178,01-26-2010,4,80,1,Medical,Non-Travel,Y,23,34,1,3,525,no,MALE,Y,3,3,0,,1,2,42,3,Sale,4009,4,divorced,1,2,4,Manager
1273,5,16,0,1,19116,28/05/22,4,80,1,Marketing,travel_rarely,Y,29,80,1,3,128,YES,female,Y,3,1,1,Exceeded expectations,5,3,27,1,Research and Development,16747,1,Divorsed,3,1,3,Research Scientist
1274,7,15,3,6,15592,10-23-2004,3,80,1,Medical,Travel Frequently,No,3,98,1,3,1055,NO,MALE,Y,2,1,1,Top performer,1,1,34,3,sales,5359,3,Single,4,2,3,Sales Executive
1275,16,19,1,6,10704,21/09/18,3,80,1,Life Sciences,Rarely,No,20,61,1,3,422,TRUE,M,Y,4,2,3,Recently promoted,2,0,47,3,Sales,5943,4,D,1,1,1,Manager
1276,32,24,0,1,4687,15/07/21,4,80,1,Life Sciences,Travel_Rarely,NO,6,78,0,3,412,0,M,Y,2,3,0,High potential,3,2,38,2,research & development,13392,3,single,4,1,2,Research Scientist
1277,20,24,2,2,5756,06/09/08,3,80,1,Medical,Frequently,Y,2,89,0,3,683,No,Male,Y,4,2,1,Meets expectations,3,0,57,2,Research & Development,10981,3,Married,3,2,3,Research Director
1278,7,19,0,1,8061,16/11/06,2,80,1,Human Resources,travel_frequently,NO,9,75,1,4,1393,FALSE,Male,Y,4,2,1,Good performer,2,0,40,2,sales,nan,4,M,3,0,3,Sales Executive
1279,7,22,0,5,10623,08/11/06,3,80,1,Technical Degree,Travel_Frequently,NO,8,97,0,3,861,NO,Female,Y,2,3,0,,2,3,38,1,Research&Development,nan,2,Married,2,2,3,Healthcare Representative
1280,3,21,3,2,24918,06-28-2007,2,80,1,Life Sciences,travel_frequently,N,29,70,0,3,394,Y,F,Y,4,2,1,,3,1,34,4,Research & Development,nan,2,S,2,0,4,Research Scientist
1281,,23,4,0,23769,07-22-2021,4,80,1,Life Sciences,No Travel,no,2,96,0,3,755,Yes,FEMALE,Y,3,2,0,Meets expectations,1,0,38,4,Sales,4093,4,DIVORCED,3,0,3,Manager
1282,29,18,2,0,6494,01/07/20,3,80,1,Life Sciences,travel_rarely,Y,8 km,42,0,3,885,N,F,Y,4,5,0,Meets expectations,2,1,35,2,Research and Development,8328,1,S,3,0,1,Research Scientist
1283,12,17,3,1,3279,04-22-2015,1,80,1,Technical Degree,Travel_Rarely,no,1,47,0,3,322,NO,M,Y,3,4,0,High potential,1,0,43.0 years,1,sales,6010,,S,3,0,2,Sales Representative
1284,0,24,2,0,8538,07/01/14,4,80,1,Technical Degree,travel_rarely,yes,1,80,0,3,174,NO,Male,Y,2,2,0,High potential,2,0,45,4,sales,$8242.0,1,married,2,0,4,Sales Executive
1285,1,12,2,0,4221,13/07/22,4,80,1,Marketing,Rarely,N,1 km,65,0,3,201,N,male,Y,4,3,0,Excellent team player,1,0,29,4,H.R.,nan,,married,3,0,4,Human Resources
1286,25,24,3,1,7164,09/05/21,3,80,1,Life Sciences,None,N,29,63,1,3,984,NO,Male,Y,4,3,1,Remote worker,1,2,25,4,,nan,3,divorced,4,1,4,Manufacturing Director
1287,18,18,0,0,2854,06/02/07,3,80,1,Medical,Non Travel,N,12,41,0,4,272,No,male,Y,1,5,0,Exceeded expectations,2,2,20,3,R&D,nan,4,MARRIED,3,0,2,Laboratory Technician
1288,6,13,2,6,5212,19/10/06,3,80,1,Medical,Travel_Rarely,no,12,34,4,4,1127,FALSE,MALE,Y,4,3,0,Recently promoted,1,1,41,3,Research & Development,7224,3,SINGLE,3,1,5,Research Director
1289,9,16,1,6,20970,10/05/09,3,80,1,Life Sciences,Frequently,Yes,5,77,1,3,494,yes,MALE,Y,4,3,1,Top performer,1,0,27,4,Research&Development,nan,4,D,1,2,2,Laboratory Technician
1290,3,20,1,1,23224,07/01/20,3,80,1,Medical,Travel Rarely,N,2,69,1,3,932,no,m,Y,3,4,1,,3,1,nan,3,R&D,12214,3,married,3,1,1,Healthcare Representative
1291,15,17,0,1,21152,01/04/08,3,80,1,Life Sciences,Travel Frequently,No,1,42,0,3,1103,no,f,Y,1,1,1,High potential,2,0,40,4,Research&Development,8441,4,SINGLE,4,1,5,Laboratory Technician
1292,9,22,3,9,16385,12/06/20,4,80,1,Life Sciences,Non-Travel,no,2,55,7,3,266,FALSE,f,Y,3,3,0,Flight risk,4,1,59,4,R&D,11745,3,MARRIED,3,2,2,Research Director
1293,,16,0,1,25612,19/01/11,3,80,1,Technical Degree,travel_rarely,yes,3 km,43,1,3,399,YES,MALE,Y,4,2,1,Recently promoted,3,2,36,4,R&D,nan,1,M,4,1,3,Research Director
1294,4,15,2,4,14530,13/07/19,2,80,1,Marketing,Rarely,YES,11,40,0,4,217,0,Female,Y,2,5,1,Key talent,1,1,44,4,Research and Development,5682,4,M,3,1,2,Research Scientist
1295,5,14,1,1,5340,08/02/14,2,80,1,Medical,Rarely,NO,6,67,0,3,611,No,Female,Y,3,5,1,Flight risk,2,1,37,2,sales,7983,2,Married,1,1,3,Sales Representative
1296,2,12,2,0,23643,11/11/18,1,80,1,Medical,travel_rarely,No,1 km,86,0,4,711,FALSE,Male,Y,3,2,0,Exceeded expectations,1,3,36,2,Saless,$5659.0,3,Divorced,3,0,4,Sales Representative
1297,29,19,1,5,25124,14/04/20,3,80,1,Life Sciences,travel_rarely,no,1,51,5,3,1298,Yes,M,Y,2,2,3,,3,1,45,,Sales,13514,4,D,4,0,3,Sales Executive
1298,29,24,2,4,11811,01-25-2012,2,80,1,Marketing,travel_rarely,N,1,45,1,3,258,NO,m,Y,3,2,2,Exceeded expectations,5,1,34,4,Research and Development,18089,4,Married,3,3,3,Laboratory Technician
1299,17,17,0,17,2275,10/08/19,4,80,1,Marketing,travel_rarely,Y,4,58,1,3,1350,No,Female,Y,1,1,2,,2,1,39,,HR,nan,3,SINGLE,4,7,2,Human Resources
1300,27,17,2,8,25582,18/05/23,4,80,1,Marketing,Rarely,No,21,31,0,4,1161,NO,f,Y,3,3,0,,3,0,39,1,sales,11142,3,D,3,4,3,Sales Representative
1301,10,14,2,2,14295,03/12/08,4,80,1,Medical,Non Travel,YES,8,83,1,3,562,no,m,Y,3,3,0,Meets expectations,1,1,30,4,Research&Development,3789,3,M,2,0,3,Research Scientist
1302,2,24,2,2,22247,03/05/23,4,80,1,Life Sciences,Travel Frequently,No,12,31,1,3,203,No,M,Y,2,3,1,Recently promoted,2,1,45,3,,7913,4,married,4,1,2,Research Scientist
1303,14,15,6,8,2714,21/10/23,2,80,1,Life Sciences,Travel_Rarely,No,5 km,32,1,3,1081,0,MALE,Y,4,3,4,Exceeded expectations,4,0,35,4,Research and Development,12792,4,MARRIED,3,1,3,Laboratory Technician
1304,3,16,0,3,8054,08/10/14,3,80,1,Medical,Travel_Rarely,NO,3,85,0,3,1316,NO,Male,Y,3,1,1,Flight risk,1,0,30,,R&D,$7337.0,3,DIVORCED,4,1,2,Laboratory Technician
1305,5,22,4,1,2809,13/07/04,3,80,1,Life Sciences,travel_rarely,Y,1,40,0,3,349,No,M,Y,3,3,0,On PIP,1,3,41,2,Research & Development,6185,3,married,3,1,4,Healthcare Representative
1306,3,21,1,1,22110,06/10/19,2,80,1,Marketing,Travel Rarely,N,16,61,1,3,1136,Y,FEMALE,Y,4,5,0,,2,1,28,1,Research & Development,8780,2,Single,4,1,3,Research Director
1307,5,22,2,1,15215,02/08/07,4,80,1,Life Sciences,Rarely,yes,12,33,1,3,666,FALSE,FEMALE,Y,2,3,1,High potential,3,0,37,3,sales,12853,2,M,4,0,2,Sales Executive
1308,11,12,5,9,22362,16/10/12,3,80,1,Life Sciences,Rarely,YES,1,38,1,3,696,N,Female,Y,2,1,1,Flight risk,2,0,36,1,Research & Development,4969,4,Divorced,4,0,3,Research Scientist
1309,1,14,,1,11053,08/04/19,2,80,1,Life Sciences,Travel_Rarely,yes,5,85,1,3,720,1,f,Y,1,1,1,Transferred from other dept,4,1,46,3,Research and Development,14882,4,SINGLE,3,0,3,Manufacturing Director
1310,1,23,,1,2036,18/04/13,2,80,1,Other,travel_rarely,No,5,45,0,3,654,0,female,Y,2,2,1,High potential,1,0,41,3,sales,nan,4,Divorsed,4,1,4,Sales Representative
1311,11,14,0,8,26498,04/12/15,3,80,1,Life Sciences,Travel Rarely,N,7,39,1,3,170,N,m,Y,4,4,0,High potential,2,0,36,2,Research&Development,7989,4,Married,3,0,5,Laboratory Technician
1312,15,22,3,0,12273,05-23-2011,1,80,1,Medical,Travel_Rarely,Yes,23,65,0,3,1055,YES,f,Y,4,2,0,High potential,3,2,44,3,human resources,10532,2,MARRIED,4,0,3,Human Resources
1313,8,23,2,4,21692,10/12/05,2,80,1,Medical,Travel Rarely,No,6,53,4,3,1072,No,male,Y,4,4,3,,1,1,49,4,Research & Development,5992,3,S,3,0,4,Laboratory Technician
1314,2,14,2,2,14499,01/05/14,3,80,1,Life Sciences,travel_frequently,Y,6,93,2,3,537,FALSE,FEMALE,Y,4,4,1,,3,0,42,4,HR,11342,3,S,1,2,3,Human Resources
1315,5,17,5,2,13403,26/04/04,4,80,1,Medical,travel_rarely,N,1,85,0,3,1167,N,male,Y,1,3,0,Meets expectations,1,0,37,3,Research and Development,7017,3,Divorsed,4,2,2,Manufacturing Director
1316,14,23,4,1,17037,02/03/22,4,80,1,Medical,Travel_Frequently,NO,1,51,0,3,1395,0,female,Y,3,2,0,Remote worker,1,1,25,1,Research & Development,4097,3,S,4,1,4,Laboratory Technician
1317,11,17,0,3,21039,26/04/12,3,80,1,Medical,Non Travel,N,1,81,3,3,1137,No,M,Y,1,3,2,Average,1,0,27,,R&D,6063,2,married,3,3,3,Healthcare Representative
1318,1,17,1,1,16017,10/04/21,3,80,1,Technical Degree,travel_rarely,no,1,79,1,4,1494,NO,M,Y,1,4,0,Key talent,4,0,34,4,Sale,$14243.0,3,married,4,0,3,Sales Executive
1319,34,17,1,3,19365,07/10/22,4,80,1,Life Sciences,Travel Rarely,N,10,76,0,3,1235,N,M,Y,3,1,0,Average,2,0,31,4,Saless,5547,4,single,4,2,4,Sales Executive
1320,2,12,6,0,16696,01/07/16,4,80,1,Life Sciences,Travel Rarely,No,10,52,0,3,413,0,MALE,Y,3,5,0,Meets expectations,3,0,35,3,Research & Development,9622,4,S,1,0,3,Healthcare Representative
1321,,15,1,0,8447,07/01/05,3,80,1,Human Resources,Travel_Rarely,No,1,48,0,3,584,N,female,Y,3,3,0,Exceeded expectations,1,0,37,3,Sales,$4775.0,4,M,3,0,4,Sales Representative
1322,6,20,2,6,14583,06/05/05,4,80,1,Life Sciences,travel_rarely,NO,14,81,1,3,268,NO,Female,Y,1,2,0,New hire,2,3,41,4,research & development,9668,2,Divorced,3,0,4,Research Scientist
1323,3,12,2,2,2151,23/02/08,3,80,1,Medical,Rarely,No,1,63,0,3,987,1,male,Y,3,3,2,On PIP,2,0,36,3,research & development,8695,3,MARRIED,4,0,3,Laboratory Technician
1324,40,15,1,7,16257,05/08/04,2,80,1,Marketing,travel_frequently,yes,2 km,58,0,3,902,No,MALE,Y,1,2,1,Exceeded expectations,4,0,41,1,SALES,12248,1,married,2,0,3,Sales Executive
1325,0,22,2,0,13486,17/06/17,4,80,1,Life Sciences,Travel_Rarely,NO,2,90,0,3,345,N,M,Y,3,2,0,,3,0,37,,Research&Development,10789,2,M,1,0,3,Healthcare Representative
1326,3,16,3,3,15507,06/01/11,3,80,1,Medical,Travel_Rarely,N,3,64,1,4,365,No,MALE,Y,3,3,2,New hire,3,1,19,1,Research&Development,14026,3,M,2,0,5,Laboratory Technician
1327,4,13,2,4,11514,04-22-2012,3,80,1,Life Sciences,Rarely,Y,2,34,0,3,948,FALSE,M,Y,2,1,1,,1,2,28,4,Sales,$5166.0,1,MARRIED,2,1,3,Sales Representative
1328,6,16,2,0,7648,14/09/12,3,80,1,Life Sciences,Non Travel,N,5,36,0,3,342,FALSE,FEMALE,Y,2,2,0,Top performer,2,0,35,3,Sale,7509,3,Divorsed,2,0,1,Sales Executive
1329,0,15,2,0,3511,17/01/10,2,80,1,Life Sciences,Travel_Rarely,No,4,70,0,3,1423,yes,Male,Y,1,2,0,Exceeded expectations,2,2,26,1,H.R.,nan,3,married,3,0,3,Human Resources
1330,0,14,4,0,20642,04/10/08,2,80,1,Marketing,Travel_Rarely,No,29,31,0,3,1450,NO,M,Y,3,2,0,Remote worker,4,0,42,,sales,15145,1,married,4,0,3,Manager
1331,2,20,1,0,18615,06/11/10,1,80,1,Life Sciences,Rarely,no,1,39,0,3,629,Y,M,Y,1,2,0,Transferred from other dept,1,2,50,3,Research&Development,$4315.0,3,Single,1,0,1,Healthcare Representative
1332,8,19,0,5,21126,08/01/18,2,80,1,Medical,Rarely,Y,1,73,0,3,946,1,male,Y,4,3,5,Remote worker,1,0,47,1,Sales,5753,,Divorsed,3,1,1,Sales Executive
1333,14,21,2,14,26225,13/03/23,2,80,1,Human Resources,No Travel,no,1,99,1,3,1103,FALSE,MALE,Y,1,2,2,Good performer,2,0,35,2,Research&Development,7506,1,S,3,2,3,Research Scientist
1334,11,24,1,10,22846,25/01/18,3,80,1,Medical,Travel_Rarely,N,7,64,1,3,441,NO,f,Y,4,1,4,Transferred from other dept,1,0,50,4,human resources,6078,2,Single,3,0,3,Human Resources
1335,8,18,4,4,9749,08/10/06,4,80,1,Medical,Rarely,NO,1,91,2,3,1372,yes,m,Y,3,1,4,Needs improvement,1,0,38.0 years,3,research & development,5254,2,M,2,1,3,Manufacturing Director
1336,5,22,3,5,2571,04/05/19,4,80,1,Medical,Travel Rarely,no,14,49,1,3,859,0,male,Y,3,0,3,Remote worker,4,1,33.0 years,,Research & Development,14722,2,MARRIED,2,5,2,Manufacturing Director
1337,20,17,3,0,19586,18/06/07,2,80,1,Life Sciences,Travel_Rarely,no,5,64,0,4,897,NO,MALE,Y,4,0,0,New hire,2,0,31,1,Research & Development,6861,2,Married,3,0,2,Manufacturing Director
1338,6,21,5,3,14232,07/12/06,4,80,1,Medical,Rarely,No,5,66,1,3,631,NO,Male,Y,3,4,1,On PIP,4,1,34,2,research & development,12768,3,M,4,3,3,Laboratory Technician
1339,3,11,2,2,11762,22/03/04,3,80,1,Medical,Travel_Frequently,Yes,6,83,2,3,963,N,male,Y,2,3,2,Top performer,3,0,33,4,research & development,12418,1,divorced,1,2,3,Healthcare Representative
1340,9,19,0,2,15217,06/11/12,3,80,1,Other,Travel Rarely,no,1,57,2,3,141,no,F,Y,1,6,2,Average,1,1,38,4,Sale,nan,1,SINGLE,2,1,2,Sales Executive
1341,11,19,2,0,11231,04/10/11,2,80,1,Human Resources,travel_rarely,NO,1 km,99,0,4,1468,N,Female,Y,4,0,0,Good performer,2,0,38,2,Sales,8427,4,D,4,0,3,Sales Executive
1342,5,16,1,5,8609,02-25-2008,3,80,1,Technical Degree,Travel_Rarely,No,3,61,5,4,698,FALSE,MALE,Y,2,4,0,Flight risk,1,1,37,4,research & development,4540,2,Married,3,4,3,Laboratory Technician
1343,0,17,2,0,16629,23/10/05,4,80,1,Technical Degree,Travel_Frequently,Y,7,40,0,3,1384,No,M,Y,3,3,0,Flight risk,4,0,40,2,Sale,15348,3,Married,4,0,1,Manager
1344,0,23,2,0,14273,05/02/22,3,80,1,Medical,Non-Travel,yes,1 km,71,0,3,405,0,m,Y,4,3,0,Average,2,0,47,4,Research & Development,7088,2,M,4,0,2,Manufacturing Director
1345,18,13,0,0,18554,07/03/10,2,80,1,Medical,Travel_Frequently,No,1,52,0,3,908,yes,MALE,Y,3,2,0,Exceeded expectations,2,0,45,4,Research & Development,7796,4,SINGLE,3,0,1,Laboratory Technician
1346,0,15,,0,7151,02/10/22,3,80,1,Technical Degree,Frequently,Yes,28,59,0,3,961,YES,F,Y,2,2,0,New hire,1,2,23,1,Research and Development,6178,2,M,4,0,4,Laboratory Technician
1347,8,17,3,8,8406,03/07/13,2,80,1,Life Sciences,non-travel,NO,1,38,6,4,1363,NO,FEMALE,Y,2,4,0,Good performer,2,1,18,3,Saless,9759,3,Married,2,0,4,Manager
1348,2,11,1,2,16294,11/07/17,3,80,1,Human Resources,Travel_Rarely,no,12,88,2,3,778,No,M,Y,1,3,1,,1,0,45,,sales,4214,2,Married,2,2,4,Sales Executive
1349,2,22,4,2,16893,02/08/21,4,80,1,Medical,Rarely,N,12,57,2,3,1436,NO,MALE,Y,3,3,0,Remote worker,2,0,24,3,Research & Development,10939,3,married,4,2,4,Research Scientist
1350,,11,2,3,2188,14/07/12,3,80,1,Medical,travel_rarely,NO,2,62,3,3,830,1,m,Y,3,0,0,Transferred from other dept,3,0,34,3,R&D,11469,3,divorced,3,2,3,Research Director
1351,0,15,2,0,15073,24/01/16,4,80,1,Medical,Travel Rarely,no,1,76,0,3,540,N,female,Y,3,2,0,,3,0,26,3,Research and Development,9435,2,Married,2,0,3,Healthcare Representative
1352,1,19,1,1,23062,02/11/17,4,80,1,Human Resources,No Travel,yes,1,51,1,4,1032,no,F,Y,2,5,1,Flight risk,1,1,20,4,Research&Development,5553,1,divorced,4,0,3,Research Scientist
1353,10,17,1,2,9145,04/06/04,1,80,1,Life Sciences,Travel Rarely,No,9,58,1,3,1002,0,M,Y,2,3,2,Flight risk,2,0,41,,Research&Development,nan,4,married,1,2,1,Laboratory Technician
1354,6,11,2,2,7927,06/10/23,2,80,1,Marketing,Travel Rarely,no,8,63,2,3,232,FALSE,m,Y,4,4,2,,4,0,43,4,Research&Development,14651,4,S,3,2,3,Laboratory Technician
1355,15,23,1,5,2599,05/01/23,3,80,1,Medical,Travel Rarely,N,12,71,0,3,818,No,female,Y,1,2,4,Top performer,1,1,31,4,SALES,4935,3,SINGLE,1,4,4,Sales Executive
1356,0,23,4,0,15133,21/09/05,2,80,1,Life Sciences,travel_rarely,No,22,81,0,4,150,FALSE,MALE,Y,3,4,0,Average,4,0,18.0 years,2,Sale,14111,4,M,3,0,3,Manager
1357,21,22,2,4,14209,04-13-2010,3,80,1,Marketing,Travel_Rarely,No,9 km,76,4,3,717,0,M,Y,1,1,1,Recently promoted,1,0,32,4,Research&Development,3632,1,S,3,1,3,Laboratory Technician
1358,40,15,3,1,13524,16/08/08,1,80,1,Medical,Travel Rarely,Y,1 km,80,1,4,491,Yes,male,Y,2,0,0,Excellent team player,3,1,40,1,Research&Development,$12485.0,,single,4,0,2,Healthcare Representative
1359,0,18,2,0,16317,07/07/23,3,80,1,Medical,Travel_Rarely,NO,2,74,0,4,795,1,FEMALE,Y,4,3,0,Key talent,2,0,23.0 years,4,,6265,2,divorced,4,0,3,Research Scientist
1360,34,18,,3,23685,01/10/22,3,80,1,Life Sciences,Non Travel,N,14,63,2,3,622,NO,M,Y,2,3,0,High potential,2,2,38,2,SALES,nan,3,DIVORCED,3,1,4,Sales Executive
1361,2,22,1,1,21960,17/06/15,3,80,1,Medical,Travel_Rarely,No,1,50,1,4,607,NO,M,Y,3,2,0,,4,2,36,3,Sale,14551,4,MARRIED,2,0,4,Sales Executive
1362,11,12,1,11,11145,04-13-2014,3,80,1,Medical,Travel_Rarely,Yes,1,42,11,3,453,No,FEMALE,Y,3,3,0,Meets expectations,1,0,42.0 years,4,Saless,7404,1,SINGLE,4,5,3,Sales Representative
1363,3,17,1,1,16357,06/08/11,4,80,1,Life Sciences,Travel_Frequently,No,9,83,1,4,966,0,m,Y,3,3,0,Meets expectations,1,0,38,4,Research&Development,4471,4,S,3,1,4,Laboratory Technician
1364,7,20,3,4,23577,05/02/14,2,80,1,Life Sciences,Travel_Rarely,N,4,54,4,3,1072,0,male,Y,4,5,4,Needs improvement,2,0,28.0 years,4,Sale,9051,3,SINGLE,3,4,3,Sales Representative
1365,7,15,4,1,11817,02/10/10,3,80,1,Human Resources,travel_frequently,no,20,50,1,3,1055,N,M,Y,2,1,1,Transferred from other dept,3,0,47,,Research & Development,nan,,Married,2,1,4,Research Scientist
1366,4,19,0,1,3870,03/09/15,1,80,1,Medical,Travel_Frequently,yes,8,30,0,3,195,N,MALE,Y,1,1,0,Meets expectations,1,3,35,2,Research & Development,6222,4,Divorsed,1,1,3,Research Scientist
1367,12,13,1,2,22645,23/03/16,1,80,1,Marketing,non-travel,NO,1 km,87,0,3,205,no,F,Y,2,5,2,Key talent,3,0,36,4,Research&Development,10533,4,Married,3,2,3,Research Scientist
1368,9,11,1,9,20408,15/08/22,1,80,1,Medical,travel_frequently,no,23,98,1,3,777,YES,MALE,Y,3,3,3,Average,2,2,28,2,R&D,6363,1,S,3,3,3,Research Scientist
1369,7,23,2,2,14521,09/11/21,3,80,1,Life Sciences,Travel_Rarely,no,2,42,2,3,612,No,M,Y,3,3,0,Transferred from other dept,1,1,33,4,Sale,1688,3,married,2,0,4,Sales Representative
1370,40,14,0,8,23878,29/10/18,3,80,1,Life Sciences,travel_rarely,Yes,3,81,0,3,1365,FALSE,Male,Y,4,0,2,Needs improvement,3,2,29,4,Sale,10605,,MARRIED,1,0,5,Sales Representative
1371,28,17,3,1,7453,01-15-2007,1,80,1,Life Sciences,Travel Rarely,No,4,52,1,4,955,NO,f,Y,1,5,0,Recently promoted,1,1,35,4,R&D,6767,1,Married,2,0,1,Laboratory Technician
1372,31,11,1,0,3827,17/02/06,3,80,1,Medical,Travel Rarely,N,1,50,0,3,889,0,female,Y,4,4,0,Needs improvement,2,1,52,3,research & development,$6313.0,4,MARRIED,1,0,1,Laboratory Technician
1373,21,12,1,7,23086,11-22-2022,1,80,1,,Travel Rarely,Yes,5,35,3,3,614,NO,m,Y,1,4,1,,1,1,24,3,Research and Development,6050,1,Married,1,4,5,Research Scientist
1374,2,24,1,2,18923,08/02/23,3,80,1,Medical,Travel_Rarely,No,1,49,0,4,997,N,m,Y,1,5,1,Average,2,2,22,3,research & development,6574,1,Single,3,2,3,Research Scientist
1375,4,15,2,3,18225,04-25-2018,3,80,1,Life Sciences,Travel Frequently,NO,4,69,3,4,1184,FALSE,female,Y,3,3,0,New hire,2,0,50.0 years,3,research & development,8159,2,SINGLE,4,1,3,Research Scientist
1376,2,19,3,1,9202,15/03/22,4,80,1,Medical,Rarely,no,3,38,0,3,1107,0,m,Y,4,2,1,Top performer,2,3,nan,2,Sale,9061,2,Divorced,4,0,3,Sales Representative
1377,40,24,3,0,6438,31/01/14,3,80,1,Life Sciences,Rarely,No,11,79,0,3,1417,NO,Female,Y,2,3,0,Exceeded expectations,2,1,30,4,Human Resources,nan,1,SINGLE,4,0,1,Human Resources
1378,1,11,1,1,21885,09/12/22,3,80,1,Life Sciences,Rarely,no,13,57,0,3,836,no,FEMALE,Y,2,4,1,Recently promoted,2,0,46,1,SALES,8255,,Single,2,1,4,Sales Executive
1379,4,22,2,4,14139,30/05/10,2,80,1,Human Resources,Travel Frequently,No,1,40,3,3,401,Y,female,Y,3,4,2,Meets expectations,1,3,31,3,Sale,4377,3,single,1,0,4,Sales Executive
1380,2,14,1,0,13218,06/11/18,2,80,1,Medical,travel_frequently,no,3,85,0,4,1293,N,MALE,Y,4,3,0,On PIP,2,2,nan,3,Research and Development,9057,3,S,3,0,3,Healthcare Representative
1381,2,22,3,2,14924,04/01/21,3,80,1,Medical,Rarely,no,3,64,0,3,745,NO,M,Y,4,2,2,Excellent team player,5,2,43,2,Research and Development,17352,1,M,3,1,3,Manufacturing Director
1382,2,24,0,1,21921,08/03/13,3,80,1,Life Sciences,travel_frequently,No,1,54,0,3,1164,0,Female,Y,2,4,0,,4,0,32,1,Research and Development,14084,3,DIVORCED,4,1,4,Manufacturing Director
1383,10,13,1,3,8716,12/03/09,4,80,1,Technical Degree,travel_rarely,Y,12 km,48,3,3,330,0,MALE,Y,4,3,3,Remote worker,1,3,56.0 years,4,R&D,7337,3,M,1,0,1,Laboratory Technician
1384,,24,2,0,18088,04-23-2018,4,80,1,Medical,Travel_Rarely,No,9,60,0,3,837,Y,MALE,Y,2,2,0,On PIP,1,1,31,3,Sale,5993,3,M,4,0,4,Sales Executive
1385,8,15,0,2,8818,21/04/19,4,80,1,Marketing,Rarely,NO,1,79,0,3,1096,FALSE,female,Y,3,3,0,On PIP,4,1,nan,4,Research & Development,12964,2,M,3,1,2,Research Director
1386,17,15,3,0,24584,06/07/07,4,80,1,Life Sciences,Travel_Rarely,NO,3,92,0,3,396,0,F,Y,2,6,0,Exceeded expectations,2,3,39,1,Research & Development,7871,,M,4,0,3,Manufacturing Director
1387,14,20,1,0,6286,29/08/04,3,80,1,Human Resources,Non-Travel,no,1,76,0,3,554,no,male,Y,2,2,0,Flight risk,2,0,48,1,Research & Development,7886,2,Divorsed,3,0,5,Research Scientist
1388,1,12,2,1,6739,05/12/07,2,80,1,Marketing,Travel_Rarely,no,7,30,0,3,1180,No,M,Y,4,1,0,Excellent team player,3,0,51,2,Human Resources,$11120.0,3,divorced,4,1,3,Human Resources
1389,24,15,0,6,4089,09/10/15,2,80,1,Technical Degree,Travel Rarely,Y,1,87,0,3,1041,FALSE,male,Y,3,0,0,Top performer,1,1,37,1,research & development,8786,1,single,3,0,3,Manufacturing Director
1390,14,19,1,6,7605,05/10/17,4,80,1,Life Sciences,Travel_Frequently,N,29,39,0,3,339,TRUE,FEMALE,Y,1,2,0,Key talent,2,0,30,2,Sales,8556,3,M,3,6,3,Sales Executive
1391,0,15,2,0,25724,11/06/18,2,80,1,Life Sciences,travel_frequently,No,12,37,0,4,1299,0,FEMALE,Y,4,2,0,,5,1,41,4,SALES,13946,3,married,4,0,3,Sales Executive
1392,,21,1,13,8822,02/12/17,1,80,1,Life Sciences,Rarely,no,3,55,4,3,1186,no,Male,Y,3,4,0,Average,3,0,30,1,R&D,10185,4,divorced,3,1,2,Research Scientist
1393,13,20,3,3,5321,11/10/11,3,80,1,Life Sciences,travel_rarely,no,6,63,0,3,650,1,MALE,Y,3,2,0,,1,0,55,1,Research&Development,nan,4,M,4,3,5,Research Scientist
1394,6,12,2,6,13773,16/09/22,3,80,1,Technical Degree,Rarely,No,19,48,0,3,237,Y,f,Y,3,4,0,Exceeded expectations,1,0,38,1,Sales,4505,4,DIVORCED,1,6,4,Sales Representative
1395,0,17,2,0,20933,09-15-2014,3,80,1,Life Sciences,Travel Rarely,NO,6,30,0,3,553,yes,MALE,Y,3,1,0,Good performer,1,1,33,4,Research&Development,2019,4,M,1,0,3,Research Scientist
1396,8,16,1,1,3216,21/12/09,3,80,1,Life Sciences,Frequently,NO,1,77,1,3,1349,FALSE,m,Y,2,5,1,On PIP,3,0,38,,Saless,9692,3,single,3,1,3,Sales Representative
1397,14,17,2,14,6885,28/02/22,3,80,1,Life Sciences,Rarely,yes,3,54,2,3,542,TRUE,FEMALE,Y,4,2,1,Excellent team player,1,0,24,3,Research&Development,nan,4,MARRIED,3,5,1,Research Director
1398,3,18,0,2,14170,11/04/20,3,80,1,Life Sciences,Frequently,No,14,53,0,3,1329,N,m,Y,3,3,0,,1,0,28,4,Research and Development,5576,3,divorced,3,0,1,Research Scientist
1399,,20,2,10,25277,27/03/12,3,80,1,Life Sciences,Rarely,N,8,76,4,3,126,YES,f,Y,4,2,1,New hire,4,2,47,3,Sales,14000,2,divorced,1,3,3,Sales Executive
1400,4,15,1,1,10933,13/04/07,1,80,1,Marketing,travel_rarely,NO,8,98,0,3,556,TRUE,MALE,Y,3,2,1,Top performer,1,2,31,1,Sale,5454,3,Single,4,0,4,Sales Representative
1401,8,12,1,3,24692,02/03/21,4,80,1,Medical,Frequently,No,16 km,96,3,3,794,0,m,Y,3,1,2,Flight risk,1,0,27,4,human resources,$4843.0,3,Married,2,2,3,Human Resources
1402,4,17,1,4,11906,08/11/05,3,80,1,Life Sciences,Travel_Rarely,N,17,61,0,3,809,0,Female,Y,1,3,2,High potential,1,1,nan,3,Sale,2908,4,Married,4,3,4,Sales Representative
1403,3,17,4,3,23466,02/12/23,3,80,1,Medical,Rarely,no,20 km,46,0,4,948,N,M,Y,3,2,0,,1,0,47,3,Sales,5770,1,single,3,1,1,Sales Executive
1404,19,18,4,6,25609,04/04/08,3,80,1,Life Sciences,Non Travel,N,1,90,1,3,1048,1,f,Y,3,4,0,Top performer,2,0,43,4,SALES,10883,1,M,2,6,3,Sales Executive
1405,14,17,1,1,14236,12/10/06,3,80,1,Life Sciences,Travel_Rarely,no,6,98,1,4,206,FALSE,m,Y,2,2,0,Key talent,4,3,45.0 years,2,Saless,14613,4,S,2,1,2,Sales Representative
1406,4,20,1,0,25814,11/05/21,2,80,1,Medical,Travel Rarely,No,10,40,0,3,543,TRUE,Male,Y,3,2,0,Top performer,4,0,30,1,Research and Development,$13361.0,3,divorced,4,0,3,Research Director
1407,5,17,,1,4797,28/02/05,2,80,1,Medical,Travel_Rarely,YES,11,67,0,3,135,No,Male,Y,1,2,1,New hire,2,0,24,4,Research and Development,5857,4,Married,3,1,1,Research Scientist
1408,11,24,3,3,2818,07/09/17,2,80,1,Medical,travel_rarely,NO,7,97,2,3,696,0,male,Y,4,3,2,,2,0,nan,3,Sales,6637,4,divorced,3,0,5,Manager
1409,16,23,3,8,10434,03/08/17,1,80,1,Medical,Non-Travel,No,1 km,48,3,3,254,no,M,Y,4,1,4,Flight risk,2,3,34,3,Research&Development,8679,2,S,3,5,2,Research Scientist
1410,11,19,1,2,25190,09/01/22,4,80,1,Life Sciences,travel_frequently,Yes,12,46,2,3,1292,NO,male,Y,3,2,2,Average,1,1,34,4,Research&Development,6609,2,S,4,0,4,Research Director
1411,7,18,3,4,25385,02/10/04,3,80,1,Human Resources,Travel_Rarely,no,10,42,1,3,895,N,m,Y,1,3,0,Average,1,1,nan,1,,5391,2,S,2,1,3,Manufacturing Director
1412,,12,2,8,9926,23/10/12,2,80,1,Marketing,Frequently,Y,1,30,0,4,371,no,Male,Y,3,1,0,Good performer,4,1,42,2,R&D,15199,4,single,2,5,5,Laboratory Technician
1413,14,12,0,1,22488,04/05/15,3,80,1,Technical Degree,Travel Rarely,YES,4,31,1,3,1307,no,f,Y,4,3,1,On PIP,1,0,41,2,R&D,$6061.0,1,S,3,0,3,Laboratory Technician
1414,1,17,1,1,14717,04/12/22,2,80,1,Life Sciences,travel_frequently,N,1,95,1,3,1360,no,FEMALE,Y,4,1,1,Recently promoted,1,2,56,4,research & development,5759,1,S,3,1,5,Research Scientist
1415,8,20,2,8,14069,31/05/15,3,80,1,Human Resources,travel_frequently,No,3,97,8,4,1080,FALSE,F,Y,1,3,1,Remote worker,2,0,31.0 years,2,sales,7012,2,M,1,1,1,Sales Executive
1416,5,21,3,0,26430,02/04/14,4,80,1,,Rarely,yes,1,45,0,3,221,FALSE,MALE,Y,4,6,0,Remote worker,2,1,45,,Research & Development,8260,3,S,3,0,4,Research Scientist
1417,15,23,1,0,2012,08/02/09,4,80,1,Marketing,None,YES,4,33,0,3,1498,NO,Male,Y,2,2,0,Transferred from other dept,1,1,37,1,Research and Development,3727,,MARRIED,3,0,4,Research Scientist
1418,0,20,4,0,7894,10/10/11,3,80,1,Life Sciences,Travel_Rarely,Yes,6 km,86,0,4,1449,N,Female,Y,4,2,0,Meets expectations,1,0,39,3,Research&Development,5026,4,married,4,0,2,Research Scientist
1419,5,13,1,5,25434,05/04/23,4,80,1,Marketing,travel_rarely,NO,7,52,1,4,249,N,Male,Y,4,4,1,Needs improvement,2,0,nan,2,Research and Development,8496,4,divorced,4,0,1,Manufacturing Director
1420,3,11,2,1,21401,12-31-2006,4,80,1,Human Resources,Travel_Rarely,Y,8,31,1,3,806,NO,M,Y,4,3,1,,3,1,41,2,Research & Development,13518,4,D,3,1,3,Laboratory Technician
1421,1,19,2,1,9392,05/06/05,3,80,1,Medical,None,no,14,96,1,3,1094,No,female,Y,3,3,1,Needs improvement,1,0,41,4,SALES,3035,3,Married,3,1,5,Sales Executive
1422,4,24,1,2,18102,09-30-2005,4,80,1,Medical,travel_frequently,YES,1,55,2,3,252,FALSE,f,Y,3,3,2,,2,0,46,3,Research&Development,nan,3,M,1,2,3,Healthcare Representative
1423,11,24,4,9,2689,01-24-2019,3,80,1,Human Resources,Travel Rarely,yes,1,36,1,3,1140,no,m,Y,4,2,0,New hire,2,0,33,3,sales,10221,3,single,4,0,3,Sales Representative
1424,4,24,3,4,24262,04/09/16,2,80,1,Medical,Travel Rarely,NO,15,73,1,3,650,N,m,Y,3,4,0,Good performer,4,2,29,1,research & development,15138,3,Divorsed,1,3,2,Research Director
1425,8,13,1,8,21522,24/12/09,4,80,1,Medical,travel_rarely,N,1,62,0,3,944,NO,f,Y,2,3,5,Remote worker,1,2,nan,4,,6249,2,SINGLE,4,8,1,Manufacturing Director
1426,8,11,1,1,26360,05/01/14,2,80,1,Medical,travel_rarely,No,29,93,1,3,1471,YES,m,Y,4,3,0,Needs improvement,1,2,19,2,Research&Development,5881,4,S,3,1,4,Research Scientist
1427,8,16,1,1,13932,06/05/07,3,80,1,Human Resources,Rarely,YES,14,65,0,3,1325,TRUE,female,Y,3,5,1,,2,1,55,4,Research&Development,9947,3,SINGLE,3,1,1,Laboratory Technician
1428,7,14,3,0,13766,23/10/05,3,80,1,Life Sciences,travel_rarely,No,5,33,0,3,379,no,FEMALE,Y,3,3,0,,3,1,27,4,Saless,9368,1,Married,2,0,3,Sales Representative
1429,1,24,1,1,24711,03-20-2015,4,80,1,,travel_rarely,N,29,52,1,4,521,NO,F,Y,2,3,1,Meets expectations,1,0,35,1,Saless,nan,1,Single,4,1,4,Sales Executive
1430,2,11,0,2,15292,18/09/08,2,80,1,Medical,Travel Rarely,N,1,54,1,4,1092,FALSE,MALE,Y,2,6,2,Exceeded expectations,2,0,34,2,Research & Development,nan,1,Divorsed,4,2,2,Research Scientist
1431,16,14,1,16,22687,05/12/11,3,80,1,Marketing,Rarely,no,2,56,4,3,903,1,MALE,Y,3,2,1,,1,2,39,4,Research&Development,1758,1,S,4,5,3,Research Scientist
1432,6,18,3,6,16863,01-29-2011,3,80,1,Medical,Travel_Rarely,No,8,80,3,3,454,no,f,Y,3,1,2,Excellent team player,1,2,44,2,Research and Development,6845,3,MARRIED,4,2,1,Research Scientist
1433,,21,1,0,19386,03/09/06,3,80,1,Technical Degree,travel_frequently,no,3,98,0,3,477,N,f,Y,3,2,0,Excellent team player,2,2,44,,Research & Development,9831,2,Single,1,0,3,Laboratory Technician
1434,8,17,1,8,9408,04/10/20,3,80,1,Human Resources,Rarely,No,21,52,2,3,1247,no,female,Y,2,6,1,Excellent team player,1,1,31,2,HR,4349,2,S,3,0,2,Human Resources
1435,0,22,1,0,12694,06/09/13,3,80,1,Life Sciences,Rarely,No,1 km,38,0,3,179,No,M,Y,3,3,0,Recently promoted,3,2,35,3,Research and Development,nan,,Divorced,2,0,4,Research Scientist
1436,15,11,3,0,10142,30/07/18,4,80,1,Life Sciences,Travel Rarely,NO,6,62,0,3,1087,no,Male,Y,4,2,0,High potential,2,3,39,,SALES,7891,4,single,4,0,3,Sales Representative
1437,0,20,2,0,3765,31/07/23,1,80,1,Life Sciences,travel_rarely,yes,7,64,0,3,332,no,FEMALE,Y,3,2,0,,2,0,34,2,Research and Development,8078,2,Divorsed,3,0,3,Laboratory Technician
1438,28,22,,18,17237,08/11/08,4,80,1,Life Sciences,travel_frequently,N,8,79,0,3,253,Yes,Female,Y,4,1,2,Excellent team player,2,0,51,2,Research and Development,8190,2,MARRIED,3,0,3,Research Scientist
1439,2,19,4,0,7778,01/01/22,2,80,1,Medical,Rarely,no,2,53,0,4,1006,no,F,Y,2,1,0,Top performer,2,1,41,1,Research & Development,8837,3,S,1,0,2,Research Scientist
1440,7,16,3,7,4291,15/08/06,3,80,1,Technical Degree,travel_rarely,No,3,53,1,4,1154,NO,FEMALE,Y,4,5,0,Flight risk,1,0,43,2,R&D,4741,3,Divorsed,4,4,4,Research Scientist
1441,0,12,5,0,26114,07/05/16,3,80,1,Technical Degree,No Travel,No,14,48,0,3,470,N,Male,Y,3,3,0,Excellent team player,4,2,nan,3,sales,nan,,Single,4,0,3,Sales Executive
1442,22,13,5,0,6866,20/01/23,4,80,1,Life Sciences,Travel Frequently,yes,1,68,0,3,422,N,Female,Y,3,5,0,Remote worker,5,0,47.0 years,3,Research&Development,17668,,Divorsed,4,0,3,Research Scientist
1443,39,17,3,1,10429,22/10/15,1,80,1,Life Sciences,Travel Rarely,NO,14,90,1,3,431,1,female,Y,1,2,1,Average,1,1,38,2,Sale,4089,4,Single,4,1,2,Sales Executive
1444,,13,2,1,12584,04-20-2018,3,80,1,Medical,travel_rarely,Y,6,54,1,3,342,N,M,Y,4,3,1,Top performer,1,1,25,1,Research & Development,7002,4,divorced,3,0,3,Laboratory Technician
1445,3,23,5,3,13747,09-30-2005,1,80,1,Medical,travel_rarely,NO,11,54,1,3,529,N,F,Y,4,3,0,Top performer,1,1,40,2,,2962,4,S,1,0,2,Human Resources
1446,0,13,5,0,24837,23/08/23,3,80,1,Life Sciences,Travel Rarely,no,10,56,0,3,1305,TRUE,M,Y,4,4,0,On PIP,3,0,31,4,R&D,10861,3,Married,4,0,3,Research Scientist
1447,15,15,2,0,19968,04/03/11,3,80,1,,Travel_Rarely,yes,1,61,0,3,908,No,MALE,Y,3,6,0,,3,3,32,3,Sales,12450,4,MARRIED,1,0,2,Sales Executive
1448,3,13,1,3,3307,03/03/05,2,80,1,Technical Degree,Rarely,N,6,40,0,3,475,no,female,Y,1,5,2,Excellent team player,3,0,42,4,Sales,9915,4,Divorsed,2,2,4,Sales Representative
1449,8,13,0,6,4085,29/11/19,4,80,1,Life Sciences,Travel_Frequently,no,16,98,2,3,180,no,m,Y,2,3,0,High potential,3,2,48,1,H.R.,11464,3,Divorced,1,1,2,Manager
1450,0,21,4,0,18415,14/07/23,2,80,1,Technical Degree,travel_rarely,No,4,62,0,4,519,YES,MALE,Y,2,1,0,,2,2,37,2,R&D,8815,3,DIVORCED,3,0,4,Manufacturing Director
1451,12,15,2,0,26104,16/06/13,3,80,1,Life Sciences,Frequently,no,27,48,0,4,566,no,M,Y,2,3,0,Top performer,2,0,39,2,Sale,nan,4,Divorsed,3,0,4,Sales Representative
1452,7,24,2,7,2291,16/11/15,3,80,1,Marketing,Frequently,N,4,45,5,3,1180,No,MALE,Y,3,1,1,,3,3,52.0 years,1,research & development,10891,,Single,2,7,2,Laboratory Technician
1453,12,15,1,5,5686,25/12/04,3,80,1,Medical,non-travel,NO,1,40,0,3,1445,NO,Male,Y,3,1,1,Remote worker,2,1,39,4,research & development,7765,2,S,4,4,3,Laboratory Technician
1454,15,22,2,10,14579,03/10/14,1,80,1,Life Sciences,Travel_Rarely,no,3,98,5,3,1389,NO,MALE,Y,3,2,3,Good performer,2,1,60,3,Research and Development,7172,3,S,4,2,1,Healthcare Representative
1455,0,19,3,0,3642,19/02/22,2,80,1,Technical Degree,Travel_Rarely,NO,24,84,0,4,1350,FALSE,FEMALE,Y,1,2,0,Transferred from other dept,2,1,42,3,R&D,11452,4,M,2,0,3,Research Scientist
1456,8,11,1,8,26150,26/03/10,4,80,1,Medical,Travel_Frequently,YES,3,54,4,3,928,0,M,Y,2,3,2,Exceeded expectations,2,1,nan,2,human resources,6855,3,MARRIED,4,0,4,Manager
1457,10,24,2,10,10769,26/06/22,4,80,1,Marketing,Travel_Rarely,Yes,16,63,0,3,903,no,Male,Y,3,2,0,Good performer,2,0,43,4,Research and Development,9507,2,M,4,0,3,Manufacturing Director
1458,7,11,4,7,5909,02-18-2018,3,80,1,Life Sciences,Travel Rarely,N,17 km,41,1,3,1177,FALSE,M,Y,4,3,0,Transferred from other dept,2,2,40,4,Research and Development,7410,1,SINGLE,3,3,3,Manufacturing Director
1459,2,21,2,2,19607,22/09/17,3,80,1,Life Sciences,Rarely,NO,3 km,50,2,3,1077,No,Female,Y,4,0,1,Good performer,3,1,48,3,Research&Development,9370,3,MARRIED,2,1,2,Research Scientist
1460,15,24,3,6,14268,26/10/12,4,80,1,Life Sciences,Travel_Frequently,Yes,1,58,1,3,103,FALSE,Male,Y,2,3,0,Good performer,2,0,43,4,Research&Development,8154,4,SINGLE,2,1,3,Laboratory Technician
1461,40,19,3,6,12844,13/10/09,3,80,1,Medical,travel_rarely,no,10,80,6,3,1433,N,Female,Y,3,3,0,Key talent,2,1,35,4,Sales,8973,2,single,4,6,1,Sales Executive
1462,34,15,4,4,10638,18/05/04,3,80,1,Medical,Travel Rarely,YES,2,52,0,3,702,No,F,Y,3,1,0,,3,1,25.0 years,1,Research & Development,12380,4,Married,3,1,4,Research Scientist
1463,15,14,1,0,6373,22/10/22,4,80,1,Life Sciences,None,NO,12,62,0,3,1212,Yes,Female,Y,3,4,0,Remote worker,2,1,35,1,R&D,10343,4,Divorsed,4,0,3,Research Scientist
1464,5,12,2,2,13233,28/03/09,1,80,1,Medical,travel_frequently,no,4,37,2,3,419,No,male,Y,2,3,0,On PIP,1,0,29.0 years,1,R&D,9417,2,MARRIED,4,2,4,Healthcare Representative
1465,4,22,1,0,20963,27/07/08,4,80,1,Medical,Travel Rarely,yes,5,71,0,3,1498,NO,female,Y,3,3,0,Average,1,0,31,3,Saless,5375,1,MARRIED,2,0,2,Sales Executive
1466,0,19,3,0,19806,16/01/14,3,80,1,Medical,Rarely,Yes,12,98,0,4,600,1,m,Y,2,3,0,Key talent,2,0,nan,2,Sales,7005,4,Single,2,0,3,Sales Executive
1467,5,16,3,0,9558,24/12/22,3,80,1,Medical,travel_rarely,no,3,70,0,3,1357,NO,female,Y,3,3,0,,2,1,52,4,Human Resources,nan,4,M,2,0,3,Human Resources
1468,1,19,1,1,15271,22/10/18,3,80,1,Technical Degree,Rarely,no,4,92,1,3,1460,No,f,Y,3,1,0,Top performer,5,3,40,3,Research and Development,16600,2,single,1,1,1,Manufacturing Director
1469,2,15,0,2,8745,11-23-2007,2,80,1,Medical,Travel Frequently,N,3,43,2,3,670,N,male,Y,3,3,2,Flight risk,2,0,26.0 years,4,research & development,9388,4,Married,1,1,3,Manufacturing Director
1470,22,14,2,1,20993,23/02/18,3,80,1,Medical,Travel_Frequently,NO,3,91,1,3,284,NO,M,Y,3,3,1,New hire,2,0,41,3,research & development,6054,3,MARRIED,2,1,4,Laboratory Technician
1007,16,13,1,3,23644,12-20-2004,2,80,1,Medical,No Travel,no,16,53,1,3,904,TRUE,m,Y,2,5,0,On PIP,2,1,nan,1,Sale,10405,1,Married,3,0,1,Sales Representative
955,14,18,5,6,2349,30/12/15,3,80,1,Life Sciences,travel_rarely,N,26,63,2,3,802,FALSE,MALE,Y,3,6,6,Flight risk,2,0,36.0 years,4,Research&Development,7490,4,MARRIED,2,6,3,Research Scientist
219,0,16,3,0,11867,01/12/22,4,80,1,Life Sciences,Travel_Rarely,Yes,4,98,0,3,1269,No,MALE,Y,4,5,0,On PIP,1,0,32,2,Sale,3232,2,M,3,0,1,Manager
838,6,22,4,5,15499,29/01/16,3,80,1,Human Resources,Rarely,No,1 km,47,4,3,1114,N,female,Y,3,4,2,Flight risk,1,0,28,2,research & development,nan,2,Married,2,5,4,Laboratory Technician
1236,4,13,1,2,13147,20/07/12,2,80,1,Life Sciences,Rarely,N,4,42,0,3,1128,FALSE,MALE,Y,4,2,0,Exceeded expectations,3,0,51,4,Research and Development,$9908.0,4,married,2,2,5,Manufacturing Director
1268,3,14,2,3,3091,16/06/12,3,80,1,Life Sciences,Rarely,No,1,62,3,3,1451,no,male,Y,2,2,3,High potential,3,0,28,4,R&D,$10305.0,3,Divorsed,3,0,2,Laboratory Technician
1191,8,13,1,0,9322,06/05/19,1,80,1,Medical,Travel Rarely,yes,10,67,0,3,108,no,male,Y,4,4,0,Recently promoted,2,0,37,1,Research&Development,6551,1,Divorced,4,0,2,Laboratory Technician
551,11,15,1,2,21525,08/04/15,3,80,1,Technical Degree,Rarely,No,6,59,2,4,344,No,MALE,Y,3,1,2,Good performer,4,0,37,1,Research & Development,14761,2,MARRIED,4,2,4,Research Director
344,10,12,1,7,5099,24/08/08,3,80,1,Medical,Rarely,yes,14 km,61,7,3,1003,0,MALE,Y,3,2,2,Needs improvement,3,3,32.0 years,3,Research and Development,12349,2,MARRIED,4,1,4,Research Scientist
789,0,24,1,0,26592,10/07/09,2,80,1,Technical Degree,Rarely,yes,4,63,0,3,1307,FALSE,Male,Y,3,2,0,On PIP,1,0,36,4,Sale,6490,4,married,4,0,4,Sales Representative
252,20,14,3,4,8547,27/07/17,4,80,1,Marketing,Travel Rarely,yes,1,80,1,3,1031,0,f,Y,4,3,4,New hire,1,1,45,4,Research & Development,6485,4,SINGLE,3,2,5,Research Scientist
352,8,21,3,8,9985,05/08/16,1,80,1,Life Sciences,travel_rarely,Yes,2,80,2,4,590,No,male,Y,3,2,1,Excellent team player,1,2,50,2,Research and Development,6743,2,SINGLE,2,2,2,Laboratory Technician
534,9,14,1,9,3946,03/11/15,3,80,1,Life Sciences,Travel_Frequently,no,3,78,3,3,127,0,FEMALE,Y,2,2,1,,1,0,26,3,Research&Development,3700,3,MARRIED,2,1,2,Manufacturing Director
489,2,24,3,2,23483,10/07/14,2,80,1,,Frequently,no,1,68,2,3,938,TRUE,m,Y,1,3,0,,1,0,52,3,Sale,7805,4,Married,4,2,5,Sales Representative
720,6,21,1,0,9944,08/07/15,4,80,1,Medical,Travel Frequently,no,10,30,0,4,905,1,MALE,Y,2,2,0,Key talent,3,0,36,1,Research&Development,11630,4,Married,4,0,5,Research Director
408,10,16,3,0,7951,29/04/17,3,80,1,Life Sciences,Rarely,No,6,34,0,3,1172,0,MALE,Y,1,1,0,Flight risk,1,0,35,2,Research and Development,2410,4,Divorsed,4,0,3,Manufacturing Director
1214,2,20,1,2,7725,28/04/20,4,80,1,Life Sciences,Non-Travel,Y,24,65,2,3,255,NO,Male,Y,2,4,2,Flight risk,3,0,45,4,Research & Development,9228,1,single,4,1,3,Laboratory Technician
161,17,21,1,9,5868,05-25-2017,1,80,1,Life Sciences,travel_rarely,N,13,90,0,3,1296,N,female,Y,3,3,0,Exceeded expectations,1,0,28,4,R&D,6031,4,Divorsed,4,1,5,Research Scientist
1320,2,12,6,0,16696,29/08/10,4,80,1,Life Sciences,travel_rarely,NO,10,52,0,3,413,No,male,Y,3,5,0,High potential,3,0,35,3,research & development,9622,4,single,1,0,3,Healthcare Representative
149,19,11,2,0,3059,05/04/10,2,80,1,Technical Degree,Rarely,yes,10,46,0,3,1404,yes,M,Y,2,3,0,Remote worker,1,2,41,,Research&Development,4389,,S,3,0,3,Research Scientist
1185,0,23,1,0,20026,24/11/16,1,80,1,Medical,Travel_Rarely,no,15,83,0,3,964,1,Male,Y,3,2,0,Average,1,0,28,3,Research & Development,5116,3,SINGLE,4,0,3,Manufacturing Director
507,24,18,2,10,17173,05-29-2006,3,80,1,Medical,Rarely,yes,25,35,2,3,455,No,f,Y,1,2,0,Key talent,3,2,31.0 years,4,Research & Development,nan,1,single,2,0,3,Laboratory Technician
354,8,18,1,3,8054,07/05/06,3,80,1,Medical,travel_frequently,N,9,39,3,4,1154,NO,Female,Y,2,0,0,Flight risk,2,1,35,3,sales,5985,2,DIVORCED,2,3,3,Manager
499,16,22,2,16,3381,03-15-2016,2,80,1,Medical,Travel Rarely,no,3 km,90,6,3,1499,NO,m,Y,3,3,4,New hire,2,0,29,4,SALES,11202,4,married,1,1,4,Sales Executive
59,3,23,2,3,2885,06/04/15,2,80,1,Medical,Travel Rarely,no,1,54,1,3,553,0,female,Y,2,3,0,Good performer,1,0,39,4,R&D,3080,2,M,4,3,3,Research Scientist
996,15,24,2,2,15887,10/03/23,3,80,1,Medical,Travel Rarely,NO,4,86,2,3,1390,FALSE,F,Y,4,3,2,On PIP,1,0,34,3,R&D,$4894.0,4,married,2,2,4,Laboratory Technician
1247,1,16,3,1,24973,21/07/20,1,80,1,Medical,Travel_Rarely,NO,2,62,1,3,1211,N,M,Y,4,1,0,Top performer,2,1,37,3,Research and Development,5894,,Single,3,1,3,Laboratory Technician
763,37,22,1,11,13829,11/05/09,4,80,1,Medical,Travel_Rarely,N,2,81,1,3,1261,FALSE,male,Y,2,3,0,Recently promoted,2,1,60,4,SALES,8279,3,SINGLE,3,4,3,Sales Representative
1427,8,16,1,1,13932,03/09/22,3,80,1,Human Resources,travel_rarely,yes,14,65,0,3,1325,TRUE,FEMALE,Y,3,5,1,Transferred from other dept,2,1,55,4,Research and Development,9947,3,Single,3,1,1,Laboratory Technician
241,1,22,2,1,23653,19/11/18,2,80,1,Medical,Non-Travel,YES,5,47,0,3,1217,no,Male,Y,1,5,0,Good performer,1,1,29,3,Research & Development,6144,4,divorced,2,1,2,Laboratory Technician
831,12,11,1,4,5967,14/01/11,4,80,1,Medical,travel_rarely,N,1,82,0,3,1257,Y,M,Y,2,2,2,Top performer,2,2,24,3,Research & Development,8716,,married,2,2,3,Laboratory Technician
567,1,17,2,0,24296,17/06/07,2,80,1,Human Resources,non-travel,No,3,31,0,3,1042,no,FEMALE,Y,3,2,0,Flight risk,3,1,nan,2,Human Resourses,13076,1,S,4,0,4,Manager
24,13,17,2,0,13914,24/06/07,4,80,1,Life Sciences,Frequently,YES,13,88,0,3,832,yes,m,Y,4,4,0,Transferred from other dept,2,2,24,2,research & development,7008,4,D,4,0,4,Manufacturing Director
179,7,17,2,7,14011,20/03/04,3,80,1,Medical,Travel Rarely,N,1,57,2,4,814,No,M,Y,1,2,7,Needs improvement,3,0,34,2,R&D,6540,4,S,3,7,5,Research Scientist
1048,4,11,0,4,9517,07/10/22,4,80,1,Life Sciences,Travel Rarely,N,5,40,0,3,193,no,m,Y,4,2,0,Top performer,4,3,22,1,HR,14184,4,married,3,0,4,Human Resources
1075,3,21,0,3,16864,18/02/09,1,80,1,Life Sciences,travel_rarely,no,9,73,1,3,1017,no,FEMALE,Y,4,2,1,Top performer,3,0,45,3,Human Resourses,10644,3,S,4,0,5,Manager
468,,22,0,1,20949,11/01/14,4,80,1,Medical,Travel_Rarely,N,6,91,1,3,891,NO,m,Y,2,4,1,Transferred from other dept,1,0,43,3,Research&Development,4613,,single,4,1,2,Research Director
1415,8,20,2,8,14069,07-19-2019,3,80,1,Human Resources,travel_frequently,N,3,97,8,4,1080,N,FEMALE,Y,1,3,1,Flight risk,2,0,31,2,sales,7012,2,married,1,1,1,Sales Executive
1050,17,17,1,17,7106,05/07/17,3,80,1,Life Sciences,Travel Rarely,N,19,64,6,3,1149,N,m,Y,4,2,0,Flight risk,3,3,nan,,Research&Development,10074,4,SINGLE,4,4,5,Research Scientist
396,3,15,1,3,2907,19/07/16,4,80,1,Life Sciences,Rarely,N,4,68,3,4,510,NO,Male,Y,3,5,0,Transferred from other dept,3,1,32,3,Research&Development,12400,,Single,4,0,3,Laboratory Technician
17,3,22,2,3,14568,09-14-2006,3,80,1,Medical,Travel Rarely,no,7,72,0,3,425,0,M,Y,2,3,0,Recently promoted,1,1,27,4,SALES,5065,4,SINGLE,4,2,1,Sales Executive
1148,17,18,2,11,14416,28/09/18,3,80,1,Medical,travel_rarely,N,1,74,4,4,1367,No,F,Y,4,2,0,Excellent team player,3,0,24,4,Sales,9751,,Married,4,1,5,Sales Executive
321,7,24,4,7,3250,02-20-2007,2,80,1,Medical,travel_rarely,No,5,94,1,3,149,N,FEMALE,Y,2,5,0,High potential,1,3,37,4,research & development,3551,4,Single,3,5,3,Research Director
437,21,16,2,8,21124,17/05/08,4,80,1,Life Sciences,Travel Rarely,N,5,75,3,4,625,0,m,Y,4,2,5,,1,0,51.0 years,,Research & Development,5962,3,single,3,4,3,Healthcare Representative
11210,4,17,3,4,19699,06-26-2007,3,80,1,Human Resources,Travel Rarely,N,5,74,4,3,301,NO,male,Y,4,4,2,,2,3,52,1,research & development,5823,1,S,3,1,2,Research Scientist
11349,2,22,4,2,16893,22/09/14,4,80,1,Medical,Travel_Rarely,No,12 km,57,2,3,1436,FALSE,M,Y,3,3,0,Recently promoted,2,0,24,3,Research & Development,10939,3,M,4,2,4,Research Scientist
11361,2,22,1,1,21960,10/01/16,3,80,1,Medical,Rarely,NO,1 km,50,1,4,607,No,m,Y,3,2,0,High potential,4,2,36,3,Sale,14551,4,M,2,0,4,Sales Executive
10065,6,15,2,4,24676,03-16-2022,3,80,1,Life Sciences,Travel Frequently,no,1,83,1,3,826,NO,f,Y,4,3,0,Flight risk,3,0,44,2,Sales,12905,3,MARRIED,4,4,5,Manager
10520,9,19,2,4,5216,07/04/09,3,80,1,Medical,Rarely,no,29,59,0,3,318,1,Male,Y,3,2,0,Recently promoted,3,0,43,3,SALES,11052,4,M,3,1,2,Sales Representative
11251,9,14,4,7,20888,02/10/18,2,80,1,Other,Rarely,YES,9,50,1,4,473,N,female,Y,2,3,2,Meets expectations,4,0,39,4,Research&Development,13813,2,single,2,0,3,Research Scientist
10791,25,21,1,1,11789,11/07/14,3,80,1,Medical,Non-Travel,N,6,82,0,3,375,N,M,Y,3,2,1,New hire,1,2,40.0 years,,research & development,4370,1,D,4,0,2,Research Scientist
11025,0,22,4,0,9965,05/09/05,4,80,1,Medical,travel_frequently,Y,1,56,0,3,586,FALSE,Female,Y,3,3,0,,1,0,52,2,H.R.,$2866.0,2,M,4,0,5,Human Resources
11469,2,15,0,2,8745,02/09/21,2,80,1,Medical,Frequently,NO,3,43,2,3,670,no,male,Y,3,3,2,Remote worker,2,0,26,4,research & development,9388,4,M,1,1,3,Manufacturing Director
11169,9,21,1,0,23105,06/05/18,1,80,1,Marketing,Rarely,N,5,92,0,3,1124,YES,M,Y,1,2,0,Flight risk,1,1,42,3,Sale,6911,1,MARRIED,2,0,3,Sales Executive